unique_id,sdf_file,pdb_file,pK
1a30,data/CASF-2016/coreset/1a30/1a30_ligand.sdf,data/CASF-2016/coreset/1a30/1a30_protein.pdb,4.3
1bcu,data/CASF-2016/coreset/1bcu/1bcu_ligand.sdf,data/CASF-2016/coreset/1bcu/1bcu_protein.pdb,3.28
1bzc,data/CASF-2016/coreset/1bzc/1bzc_ligand.sdf,data/CASF-2016/coreset/1bzc/1bzc_protein.pdb,4.92
1c5z,data/CASF-2016/coreset/1c5z/1c5z_ligand.sdf,data/CASF-2016/coreset/1c5z/1c5z_protein.pdb,4.01
1e66,data/CASF-2016/coreset/1e66/1e66_ligand.sdf,data/CASF-2016/coreset/1e66/1e66_protein.pdb,9.89
1eby,data/CASF-2016/coreset/1eby/1eby_ligand.sdf,data/CASF-2016/coreset/1eby/1eby_protein.pdb,9.7
1g2k,data/CASF-2016/coreset/1g2k/1g2k_ligand.sdf,data/CASF-2016/coreset/1g2k/1g2k_protein.pdb,7.96
1gpk,data/CASF-2016/coreset/1gpk/1gpk_ligand.sdf,data/CASF-2016/coreset/1gpk/1gpk_protein.pdb,5.37
1gpn,data/CASF-2016/coreset/1gpn/1gpn_ligand.sdf,data/CASF-2016/coreset/1gpn/1gpn_protein.pdb,6.48
1h22,data/CASF-2016/coreset/1h22/1h22_ligand.sdf,data/CASF-2016/coreset/1h22/1h22_protein.pdb,9.1
1h23,data/CASF-2016/coreset/1h23/1h23_ligand.sdf,data/CASF-2016/coreset/1h23/1h23_protein.pdb,8.35
1k1i,data/CASF-2016/coreset/1k1i/1k1i_ligand.sdf,data/CASF-2016/coreset/1k1i/1k1i_protein.pdb,6.58
1lpg,data/CASF-2016/coreset/1lpg/1lpg_ligand.sdf,data/CASF-2016/coreset/1lpg/1lpg_protein.pdb,7.09
1mq6,data/CASF-2016/coreset/1mq6/1mq6_ligand.sdf,data/CASF-2016/coreset/1mq6/1mq6_protein.pdb,11.15
1nc1,data/CASF-2016/coreset/1nc1/1nc1_ligand.sdf,data/CASF-2016/coreset/1nc1/1nc1_protein.pdb,6.12
1nc3,data/CASF-2016/coreset/1nc3/1nc3_ligand.sdf,data/CASF-2016/coreset/1nc3/1nc3_protein.pdb,5.0
1nvq,data/CASF-2016/coreset/1nvq/1nvq_ligand.sdf,data/CASF-2016/coreset/1nvq/1nvq_protein.pdb,8.25
1o0h,data/CASF-2016/coreset/1o0h/1o0h_ligand.sdf,data/CASF-2016/coreset/1o0h/1o0h_protein.pdb,5.92
1o3f,data/CASF-2016/coreset/1o3f/1o3f_ligand.sdf,data/CASF-2016/coreset/1o3f/1o3f_protein.pdb,7.96
1o5b,data/CASF-2016/coreset/1o5b/1o5b_ligand.sdf,data/CASF-2016/coreset/1o5b/1o5b_protein.pdb,5.77
1owh,data/CASF-2016/coreset/1owh/1owh_ligand.sdf,data/CASF-2016/coreset/1owh/1owh_protein.pdb,7.4
1oyt,data/CASF-2016/coreset/1oyt/1oyt_ligand.sdf,data/CASF-2016/coreset/1oyt/1oyt_protein.pdb,7.24
1p1n,data/CASF-2016/coreset/1p1n/1p1n_ligand.sdf,data/CASF-2016/coreset/1p1n/1p1n_protein.pdb,6.8
1p1q,data/CASF-2016/coreset/1p1q/1p1q_ligand.sdf,data/CASF-2016/coreset/1p1q/1p1q_protein.pdb,4.89
1ps3,data/CASF-2016/coreset/1ps3/1ps3_ligand.sdf,data/CASF-2016/coreset/1ps3/1ps3_protein.pdb,2.28
1pxn,data/CASF-2016/coreset/1pxn/1pxn_ligand.sdf,data/CASF-2016/coreset/1pxn/1pxn_protein.pdb,7.15
1q8t,data/CASF-2016/coreset/1q8t/1q8t_ligand.sdf,data/CASF-2016/coreset/1q8t/1q8t_protein.pdb,4.76
1q8u,data/CASF-2016/coreset/1q8u/1q8u_ligand.sdf,data/CASF-2016/coreset/1q8u/1q8u_protein.pdb,5.96
1qf1,data/CASF-2016/coreset/1qf1/1qf1_ligand.sdf,data/CASF-2016/coreset/1qf1/1qf1_protein.pdb,7.32
1qkt,data/CASF-2016/coreset/1qkt/1qkt_ligand.sdf,data/CASF-2016/coreset/1qkt/1qkt_protein.pdb,9.04
1r5y,data/CASF-2016/coreset/1r5y/1r5y_ligand.sdf,data/CASF-2016/coreset/1r5y/1r5y_protein.pdb,6.46
1s38,data/CASF-2016/coreset/1s38/1s38_ligand.sdf,data/CASF-2016/coreset/1s38/1s38_protein.pdb,5.15
1sqa,data/CASF-2016/coreset/1sqa/1sqa_ligand.sdf,data/CASF-2016/coreset/1sqa/1sqa_protein.pdb,9.21
1syi,data/CASF-2016/coreset/1syi/1syi_ligand.sdf,data/CASF-2016/coreset/1syi/1syi_protein.pdb,5.44
1u1b,data/CASF-2016/coreset/1u1b/1u1b_ligand.sdf,data/CASF-2016/coreset/1u1b/1u1b_protein.pdb,7.8
1uto,data/CASF-2016/coreset/1uto/1uto_ligand.sdf,data/CASF-2016/coreset/1uto/1uto_protein.pdb,2.27
1vso,data/CASF-2016/coreset/1vso/1vso_ligand.sdf,data/CASF-2016/coreset/1vso/1vso_protein.pdb,4.72
1w4o,data/CASF-2016/coreset/1w4o/1w4o_ligand.sdf,data/CASF-2016/coreset/1w4o/1w4o_protein.pdb,5.22
1y6r,data/CASF-2016/coreset/1y6r/1y6r_ligand.sdf,data/CASF-2016/coreset/1y6r/1y6r_protein.pdb,10.11
1yc1,data/CASF-2016/coreset/1yc1/1yc1_ligand.sdf,data/CASF-2016/coreset/1yc1/1yc1_protein.pdb,6.17
1ydr,data/CASF-2016/coreset/1ydr/1ydr_ligand.sdf,data/CASF-2016/coreset/1ydr/1ydr_protein.pdb,5.52
1ydt,data/CASF-2016/coreset/1ydt/1ydt_ligand.sdf,data/CASF-2016/coreset/1ydt/1ydt_protein.pdb,7.32
1z6e,data/CASF-2016/coreset/1z6e/1z6e_ligand.sdf,data/CASF-2016/coreset/1z6e/1z6e_protein.pdb,9.72
1z95,data/CASF-2016/coreset/1z95/1z95_ligand.sdf,data/CASF-2016/coreset/1z95/1z95_protein.pdb,7.12
1z9g,data/CASF-2016/coreset/1z9g/1z9g_ligand.sdf,data/CASF-2016/coreset/1z9g/1z9g_protein.pdb,5.64
2al5,data/CASF-2016/coreset/2al5/2al5_ligand.sdf,data/CASF-2016/coreset/2al5/2al5_protein.pdb,8.4
2br1,data/CASF-2016/coreset/2br1/2br1_ligand.sdf,data/CASF-2016/coreset/2br1/2br1_protein.pdb,5.14
2brb,data/CASF-2016/coreset/2brb/2brb_ligand.sdf,data/CASF-2016/coreset/2brb/2brb_protein.pdb,4.86
2c3i,data/CASF-2016/coreset/2c3i/2c3i_ligand.sdf,data/CASF-2016/coreset/2c3i/2c3i_protein.pdb,7.6
2cbv,data/CASF-2016/coreset/2cbv/2cbv_ligand.sdf,data/CASF-2016/coreset/2cbv/2cbv_protein.pdb,5.48
2cet,data/CASF-2016/coreset/2cet/2cet_ligand.sdf,data/CASF-2016/coreset/2cet/2cet_protein.pdb,8.02
2fvd,data/CASF-2016/coreset/2fvd/2fvd_ligand.sdf,data/CASF-2016/coreset/2fvd/2fvd_protein.pdb,8.52
2fxs,data/CASF-2016/coreset/2fxs/2fxs_ligand.sdf,data/CASF-2016/coreset/2fxs/2fxs_protein.pdb,6.06
2hb1,data/CASF-2016/coreset/2hb1/2hb1_ligand.sdf,data/CASF-2016/coreset/2hb1/2hb1_protein.pdb,3.8
2iwx,data/CASF-2016/coreset/2iwx/2iwx_ligand.sdf,data/CASF-2016/coreset/2iwx/2iwx_protein.pdb,6.68
2j78,data/CASF-2016/coreset/2j78/2j78_ligand.sdf,data/CASF-2016/coreset/2j78/2j78_protein.pdb,6.42
2j7h,data/CASF-2016/coreset/2j7h/2j7h_ligand.sdf,data/CASF-2016/coreset/2j7h/2j7h_protein.pdb,7.19
2p15,data/CASF-2016/coreset/2p15/2p15_ligand.sdf,data/CASF-2016/coreset/2p15/2p15_protein.pdb,10.3
2p4y,data/CASF-2016/coreset/2p4y/2p4y_ligand.sdf,data/CASF-2016/coreset/2p4y/2p4y_protein.pdb,9.0
2pog,data/CASF-2016/coreset/2pog/2pog_ligand.sdf,data/CASF-2016/coreset/2pog/2pog_protein.pdb,9.54
2qbp,data/CASF-2016/coreset/2qbp/2qbp_ligand.sdf,data/CASF-2016/coreset/2qbp/2qbp_protein.pdb,8.4
2qbq,data/CASF-2016/coreset/2qbq/2qbq_ligand.sdf,data/CASF-2016/coreset/2qbq/2qbq_protein.pdb,7.44
2qbr,data/CASF-2016/coreset/2qbr/2qbr_ligand.sdf,data/CASF-2016/coreset/2qbr/2qbr_protein.pdb,6.33
2qe4,data/CASF-2016/coreset/2qe4/2qe4_ligand.sdf,data/CASF-2016/coreset/2qe4/2qe4_protein.pdb,7.96
2qnq,data/CASF-2016/coreset/2qnq/2qnq_ligand.sdf,data/CASF-2016/coreset/2qnq/2qnq_protein.pdb,6.11
2r9w,data/CASF-2016/coreset/2r9w/2r9w_ligand.sdf,data/CASF-2016/coreset/2r9w/2r9w_protein.pdb,5.1
2v00,data/CASF-2016/coreset/2v00/2v00_ligand.sdf,data/CASF-2016/coreset/2v00/2v00_protein.pdb,3.66
2v7a,data/CASF-2016/coreset/2v7a/2v7a_ligand.sdf,data/CASF-2016/coreset/2v7a/2v7a_protein.pdb,8.3
2vkm,data/CASF-2016/coreset/2vkm/2vkm_ligand.sdf,data/CASF-2016/coreset/2vkm/2vkm_protein.pdb,8.74
2vvn,data/CASF-2016/coreset/2vvn/2vvn_ligand.sdf,data/CASF-2016/coreset/2vvn/2vvn_protein.pdb,7.3
2vw5,data/CASF-2016/coreset/2vw5/2vw5_ligand.sdf,data/CASF-2016/coreset/2vw5/2vw5_protein.pdb,8.52
2w4x,data/CASF-2016/coreset/2w4x/2w4x_ligand.sdf,data/CASF-2016/coreset/2w4x/2w4x_protein.pdb,4.85
2w66,data/CASF-2016/coreset/2w66/2w66_ligand.sdf,data/CASF-2016/coreset/2w66/2w66_protein.pdb,4.05
2wbg,data/CASF-2016/coreset/2wbg/2wbg_ligand.sdf,data/CASF-2016/coreset/2wbg/2wbg_protein.pdb,4.45
2wca,data/CASF-2016/coreset/2wca/2wca_ligand.sdf,data/CASF-2016/coreset/2wca/2wca_protein.pdb,5.6
2weg,data/CASF-2016/coreset/2weg/2weg_ligand.sdf,data/CASF-2016/coreset/2weg/2weg_protein.pdb,6.5
2wer,data/CASF-2016/coreset/2wer/2wer_ligand.sdf,data/CASF-2016/coreset/2wer/2wer_protein.pdb,7.05
2wn9,data/CASF-2016/coreset/2wn9/2wn9_ligand.sdf,data/CASF-2016/coreset/2wn9/2wn9_protein.pdb,8.52
2wnc,data/CASF-2016/coreset/2wnc/2wnc_ligand.sdf,data/CASF-2016/coreset/2wnc/2wnc_protein.pdb,6.32
2wtv,data/CASF-2016/coreset/2wtv/2wtv_ligand.sdf,data/CASF-2016/coreset/2wtv/2wtv_protein.pdb,8.74
2wvt,data/CASF-2016/coreset/2wvt/2wvt_ligand.sdf,data/CASF-2016/coreset/2wvt/2wvt_protein.pdb,6.12
2x00,data/CASF-2016/coreset/2x00/2x00_ligand.sdf,data/CASF-2016/coreset/2x00/2x00_protein.pdb,11.33
2xb8,data/CASF-2016/coreset/2xb8/2xb8_ligand.sdf,data/CASF-2016/coreset/2xb8/2xb8_protein.pdb,7.59
2xbv,data/CASF-2016/coreset/2xbv/2xbv_ligand.sdf,data/CASF-2016/coreset/2xbv/2xbv_protein.pdb,8.43
2xdl,data/CASF-2016/coreset/2xdl/2xdl_ligand.sdf,data/CASF-2016/coreset/2xdl/2xdl_protein.pdb,3.1
2xii,data/CASF-2016/coreset/2xii/2xii_ligand.sdf,data/CASF-2016/coreset/2xii/2xii_protein.pdb,7.2
2xj7,data/CASF-2016/coreset/2xj7/2xj7_ligand.sdf,data/CASF-2016/coreset/2xj7/2xj7_protein.pdb,6.66
2xnb,data/CASF-2016/coreset/2xnb/2xnb_ligand.sdf,data/CASF-2016/coreset/2xnb/2xnb_protein.pdb,6.83
2xys,data/CASF-2016/coreset/2xys/2xys_ligand.sdf,data/CASF-2016/coreset/2xys/2xys_protein.pdb,7.42
2y5h,data/CASF-2016/coreset/2y5h/2y5h_ligand.sdf,data/CASF-2016/coreset/2y5h/2y5h_protein.pdb,5.79
2yfe,data/CASF-2016/coreset/2yfe/2yfe_ligand.sdf,data/CASF-2016/coreset/2yfe/2yfe_protein.pdb,6.63
2yge,data/CASF-2016/coreset/2yge/2yge_ligand.sdf,data/CASF-2016/coreset/2yge/2yge_protein.pdb,5.06
2yki,data/CASF-2016/coreset/2yki/2yki_ligand.sdf,data/CASF-2016/coreset/2yki/2yki_protein.pdb,9.46
2ymd,data/CASF-2016/coreset/2ymd/2ymd_ligand.sdf,data/CASF-2016/coreset/2ymd/2ymd_protein.pdb,3.16
2zb1,data/CASF-2016/coreset/2zb1/2zb1_ligand.sdf,data/CASF-2016/coreset/2zb1/2zb1_protein.pdb,6.32
2zcq,data/CASF-2016/coreset/2zcq/2zcq_ligand.sdf,data/CASF-2016/coreset/2zcq/2zcq_protein.pdb,8.82
2zcr,data/CASF-2016/coreset/2zcr/2zcr_ligand.sdf,data/CASF-2016/coreset/2zcr/2zcr_protein.pdb,6.87
2zda,data/CASF-2016/coreset/2zda/2zda_ligand.sdf,data/CASF-2016/coreset/2zda/2zda_protein.pdb,8.4
2zy1,data/CASF-2016/coreset/2zy1/2zy1_ligand.sdf,data/CASF-2016/coreset/2zy1/2zy1_protein.pdb,7.4
3acw,data/CASF-2016/coreset/3acw/3acw_ligand.sdf,data/CASF-2016/coreset/3acw/3acw_protein.pdb,4.76
3ag9,data/CASF-2016/coreset/3ag9/3ag9_ligand.sdf,data/CASF-2016/coreset/3ag9/3ag9_protein.pdb,8.05
3ao4,data/CASF-2016/coreset/3ao4/3ao4_ligand.sdf,data/CASF-2016/coreset/3ao4/3ao4_protein.pdb,2.07
3arp,data/CASF-2016/coreset/3arp/3arp_ligand.sdf,data/CASF-2016/coreset/3arp/3arp_protein.pdb,7.15
3arq,data/CASF-2016/coreset/3arq/3arq_ligand.sdf,data/CASF-2016/coreset/3arq/3arq_protein.pdb,6.4
3aru,data/CASF-2016/coreset/3aru/3aru_ligand.sdf,data/CASF-2016/coreset/3aru/3aru_protein.pdb,3.22
3arv,data/CASF-2016/coreset/3arv/3arv_ligand.sdf,data/CASF-2016/coreset/3arv/3arv_protein.pdb,5.64
3ary,data/CASF-2016/coreset/3ary/3ary_ligand.sdf,data/CASF-2016/coreset/3ary/3ary_protein.pdb,6.0
3b1m,data/CASF-2016/coreset/3b1m/3b1m_ligand.sdf,data/CASF-2016/coreset/3b1m/3b1m_protein.pdb,8.48
3b27,data/CASF-2016/coreset/3b27/3b27_ligand.sdf,data/CASF-2016/coreset/3b27/3b27_protein.pdb,5.16
3b5r,data/CASF-2016/coreset/3b5r/3b5r_ligand.sdf,data/CASF-2016/coreset/3b5r/3b5r_protein.pdb,8.77
3b65,data/CASF-2016/coreset/3b65/3b65_ligand.sdf,data/CASF-2016/coreset/3b65/3b65_protein.pdb,9.27
3b68,data/CASF-2016/coreset/3b68/3b68_ligand.sdf,data/CASF-2016/coreset/3b68/3b68_protein.pdb,8.4
3bgz,data/CASF-2016/coreset/3bgz/3bgz_ligand.sdf,data/CASF-2016/coreset/3bgz/3bgz_protein.pdb,6.26
3bv9,data/CASF-2016/coreset/3bv9/3bv9_ligand.sdf,data/CASF-2016/coreset/3bv9/3bv9_protein.pdb,5.36
3cj4,data/CASF-2016/coreset/3cj4/3cj4_ligand.sdf,data/CASF-2016/coreset/3cj4/3cj4_protein.pdb,6.51
3coy,data/CASF-2016/coreset/3coy/3coy_ligand.sdf,data/CASF-2016/coreset/3coy/3coy_protein.pdb,6.02
3coz,data/CASF-2016/coreset/3coz/3coz_ligand.sdf,data/CASF-2016/coreset/3coz/3coz_protein.pdb,5.57
3d4z,data/CASF-2016/coreset/3d4z/3d4z_ligand.sdf,data/CASF-2016/coreset/3d4z/3d4z_protein.pdb,4.89
3d6q,data/CASF-2016/coreset/3d6q/3d6q_ligand.sdf,data/CASF-2016/coreset/3d6q/3d6q_protein.pdb,3.76
3dd0,data/CASF-2016/coreset/3dd0/3dd0_ligand.sdf,data/CASF-2016/coreset/3dd0/3dd0_protein.pdb,9.0
3dx1,data/CASF-2016/coreset/3dx1/3dx1_ligand.sdf,data/CASF-2016/coreset/3dx1/3dx1_protein.pdb,3.58
3dx2,data/CASF-2016/coreset/3dx2/3dx2_ligand.sdf,data/CASF-2016/coreset/3dx2/3dx2_protein.pdb,6.82
3dxg,data/CASF-2016/coreset/3dxg/3dxg_ligand.sdf,data/CASF-2016/coreset/3dxg/3dxg_protein.pdb,2.4
3e5a,data/CASF-2016/coreset/3e5a/3e5a_ligand.sdf,data/CASF-2016/coreset/3e5a/3e5a_protein.pdb,8.23
3e92,data/CASF-2016/coreset/3e92/3e92_ligand.sdf,data/CASF-2016/coreset/3e92/3e92_protein.pdb,8.0
3e93,data/CASF-2016/coreset/3e93/3e93_ligand.sdf,data/CASF-2016/coreset/3e93/3e93_protein.pdb,8.85
3ebp,data/CASF-2016/coreset/3ebp/3ebp_ligand.sdf,data/CASF-2016/coreset/3ebp/3ebp_protein.pdb,5.91
3ehy,data/CASF-2016/coreset/3ehy/3ehy_ligand.sdf,data/CASF-2016/coreset/3ehy/3ehy_protein.pdb,5.85
3ejr,data/CASF-2016/coreset/3ejr/3ejr_ligand.sdf,data/CASF-2016/coreset/3ejr/3ejr_protein.pdb,8.57
3f3a,data/CASF-2016/coreset/3f3a/3f3a_ligand.sdf,data/CASF-2016/coreset/3f3a/3f3a_protein.pdb,4.19
3f3c,data/CASF-2016/coreset/3f3c/3f3c_ligand.sdf,data/CASF-2016/coreset/3f3c/3f3c_protein.pdb,6.02
3f3d,data/CASF-2016/coreset/3f3d/3f3d_ligand.sdf,data/CASF-2016/coreset/3f3d/3f3d_protein.pdb,7.16
3f3e,data/CASF-2016/coreset/3f3e/3f3e_ligand.sdf,data/CASF-2016/coreset/3f3e/3f3e_protein.pdb,7.7
3fcq,data/CASF-2016/coreset/3fcq/3fcq_ligand.sdf,data/CASF-2016/coreset/3fcq/3fcq_protein.pdb,2.77
3fur,data/CASF-2016/coreset/3fur/3fur_ligand.sdf,data/CASF-2016/coreset/3fur/3fur_protein.pdb,8.0
3fv1,data/CASF-2016/coreset/3fv1/3fv1_ligand.sdf,data/CASF-2016/coreset/3fv1/3fv1_protein.pdb,9.3
3fv2,data/CASF-2016/coreset/3fv2/3fv2_ligand.sdf,data/CASF-2016/coreset/3fv2/3fv2_protein.pdb,8.11
3g0w,data/CASF-2016/coreset/3g0w/3g0w_ligand.sdf,data/CASF-2016/coreset/3g0w/3g0w_protein.pdb,9.52
3g2n,data/CASF-2016/coreset/3g2n/3g2n_ligand.sdf,data/CASF-2016/coreset/3g2n/3g2n_protein.pdb,4.09
3g2z,data/CASF-2016/coreset/3g2z/3g2z_ligand.sdf,data/CASF-2016/coreset/3g2z/3g2z_protein.pdb,2.36
3g31,data/CASF-2016/coreset/3g31/3g31_ligand.sdf,data/CASF-2016/coreset/3g31/3g31_protein.pdb,2.89
3gbb,data/CASF-2016/coreset/3gbb/3gbb_ligand.sdf,data/CASF-2016/coreset/3gbb/3gbb_protein.pdb,6.9
3gc5,data/CASF-2016/coreset/3gc5/3gc5_ligand.sdf,data/CASF-2016/coreset/3gc5/3gc5_protein.pdb,7.26
3ge7,data/CASF-2016/coreset/3ge7/3ge7_ligand.sdf,data/CASF-2016/coreset/3ge7/3ge7_protein.pdb,8.7
3gnw,data/CASF-2016/coreset/3gnw/3gnw_ligand.sdf,data/CASF-2016/coreset/3gnw/3gnw_protein.pdb,9.1
3gr2,data/CASF-2016/coreset/3gr2/3gr2_ligand.sdf,data/CASF-2016/coreset/3gr2/3gr2_protein.pdb,2.52
3gv9,data/CASF-2016/coreset/3gv9/3gv9_ligand.sdf,data/CASF-2016/coreset/3gv9/3gv9_protein.pdb,2.12
3gy4,data/CASF-2016/coreset/3gy4/3gy4_ligand.sdf,data/CASF-2016/coreset/3gy4/3gy4_protein.pdb,5.1
3ivg,data/CASF-2016/coreset/3ivg/3ivg_ligand.sdf,data/CASF-2016/coreset/3ivg/3ivg_protein.pdb,4.3
3jvr,data/CASF-2016/coreset/3jvr/3jvr_ligand.sdf,data/CASF-2016/coreset/3jvr/3jvr_protein.pdb,5.72
3jvs,data/CASF-2016/coreset/3jvs/3jvs_ligand.sdf,data/CASF-2016/coreset/3jvs/3jvs_protein.pdb,6.54
3jya,data/CASF-2016/coreset/3jya/3jya_ligand.sdf,data/CASF-2016/coreset/3jya/3jya_protein.pdb,6.89
3k5v,data/CASF-2016/coreset/3k5v/3k5v_ligand.sdf,data/CASF-2016/coreset/3k5v/3k5v_protein.pdb,6.3
3kgp,data/CASF-2016/coreset/3kgp/3kgp_ligand.sdf,data/CASF-2016/coreset/3kgp/3kgp_protein.pdb,2.57
3kr8,data/CASF-2016/coreset/3kr8/3kr8_ligand.sdf,data/CASF-2016/coreset/3kr8/3kr8_protein.pdb,8.1
3kwa,data/CASF-2016/coreset/3kwa/3kwa_ligand.sdf,data/CASF-2016/coreset/3kwa/3kwa_protein.pdb,4.08
3l7b,data/CASF-2016/coreset/3l7b/3l7b_ligand.sdf,data/CASF-2016/coreset/3l7b/3l7b_protein.pdb,2.4
3lka,data/CASF-2016/coreset/3lka/3lka_ligand.sdf,data/CASF-2016/coreset/3lka/3lka_protein.pdb,2.82
3mss,data/CASF-2016/coreset/3mss/3mss_ligand.sdf,data/CASF-2016/coreset/3mss/3mss_protein.pdb,4.66
3myg,data/CASF-2016/coreset/3myg/3myg_ligand.sdf,data/CASF-2016/coreset/3myg/3myg_protein.pdb,10.7
3n76,data/CASF-2016/coreset/3n76/3n76_ligand.sdf,data/CASF-2016/coreset/3n76/3n76_protein.pdb,6.85
3n7a,data/CASF-2016/coreset/3n7a/3n7a_ligand.sdf,data/CASF-2016/coreset/3n7a/3n7a_protein.pdb,3.7
3n86,data/CASF-2016/coreset/3n86/3n86_ligand.sdf,data/CASF-2016/coreset/3n86/3n86_protein.pdb,5.64
3nq9,data/CASF-2016/coreset/3nq9/3nq9_ligand.sdf,data/CASF-2016/coreset/3nq9/3nq9_protein.pdb,4.03
3nw9,data/CASF-2016/coreset/3nw9/3nw9_ligand.sdf,data/CASF-2016/coreset/3nw9/3nw9_protein.pdb,9.0
3nx7,data/CASF-2016/coreset/3nx7/3nx7_ligand.sdf,data/CASF-2016/coreset/3nx7/3nx7_protein.pdb,8.1
3o9i,data/CASF-2016/coreset/3o9i/3o9i_ligand.sdf,data/CASF-2016/coreset/3o9i/3o9i_protein.pdb,11.82
3oe4,data/CASF-2016/coreset/3oe4/3oe4_ligand.sdf,data/CASF-2016/coreset/3oe4/3oe4_protein.pdb,7.47
3oe5,data/CASF-2016/coreset/3oe5/3oe5_ligand.sdf,data/CASF-2016/coreset/3oe5/3oe5_protein.pdb,6.88
3ozs,data/CASF-2016/coreset/3ozs/3ozs_ligand.sdf,data/CASF-2016/coreset/3ozs/3ozs_protein.pdb,5.33
3ozt,data/CASF-2016/coreset/3ozt/3ozt_ligand.sdf,data/CASF-2016/coreset/3ozt/3ozt_protein.pdb,4.13
3p5o,data/CASF-2016/coreset/3p5o/3p5o_ligand.sdf,data/CASF-2016/coreset/3p5o/3p5o_protein.pdb,7.3
3prs,data/CASF-2016/coreset/3prs/3prs_ligand.sdf,data/CASF-2016/coreset/3prs/3prs_protein.pdb,7.82
3pww,data/CASF-2016/coreset/3pww/3pww_ligand.sdf,data/CASF-2016/coreset/3pww/3pww_protein.pdb,7.32
3pxf,data/CASF-2016/coreset/3pxf/3pxf_ligand.sdf,data/CASF-2016/coreset/3pxf/3pxf_protein.pdb,4.43
3pyy,data/CASF-2016/coreset/3pyy/3pyy_ligand.sdf,data/CASF-2016/coreset/3pyy/3pyy_protein.pdb,6.86
3qgy,data/CASF-2016/coreset/3qgy/3qgy_ligand.sdf,data/CASF-2016/coreset/3qgy/3qgy_protein.pdb,7.8
3qqs,data/CASF-2016/coreset/3qqs/3qqs_ligand.sdf,data/CASF-2016/coreset/3qqs/3qqs_protein.pdb,5.82
3r88,data/CASF-2016/coreset/3r88/3r88_ligand.sdf,data/CASF-2016/coreset/3r88/3r88_protein.pdb,4.82
3rlr,data/CASF-2016/coreset/3rlr/3rlr_ligand.sdf,data/CASF-2016/coreset/3rlr/3rlr_protein.pdb,7.52
3rr4,data/CASF-2016/coreset/3rr4/3rr4_ligand.sdf,data/CASF-2016/coreset/3rr4/3rr4_protein.pdb,4.55
3rsx,data/CASF-2016/coreset/3rsx/3rsx_ligand.sdf,data/CASF-2016/coreset/3rsx/3rsx_protein.pdb,4.41
3ryj,data/CASF-2016/coreset/3ryj/3ryj_ligand.sdf,data/CASF-2016/coreset/3ryj/3ryj_protein.pdb,7.8
3syr,data/CASF-2016/coreset/3syr/3syr_ligand.sdf,data/CASF-2016/coreset/3syr/3syr_protein.pdb,5.1
3tsk,data/CASF-2016/coreset/3tsk/3tsk_ligand.sdf,data/CASF-2016/coreset/3tsk/3tsk_protein.pdb,7.17
3twp,data/CASF-2016/coreset/3twp/3twp_ligand.sdf,data/CASF-2016/coreset/3twp/3twp_protein.pdb,3.92
3u5j,data/CASF-2016/coreset/3u5j/3u5j_ligand.sdf,data/CASF-2016/coreset/3u5j/3u5j_protein.pdb,5.61
3u8k,data/CASF-2016/coreset/3u8k/3u8k_ligand.sdf,data/CASF-2016/coreset/3u8k/3u8k_protein.pdb,8.66
3u8n,data/CASF-2016/coreset/3u8n/3u8n_ligand.sdf,data/CASF-2016/coreset/3u8n/3u8n_protein.pdb,10.17
3u9q,data/CASF-2016/coreset/3u9q/3u9q_ligand.sdf,data/CASF-2016/coreset/3u9q/3u9q_protein.pdb,4.38
3udh,data/CASF-2016/coreset/3udh/3udh_ligand.sdf,data/CASF-2016/coreset/3udh/3udh_protein.pdb,2.85
3ueu,data/CASF-2016/coreset/3ueu/3ueu_ligand.sdf,data/CASF-2016/coreset/3ueu/3ueu_protein.pdb,5.24
3uev,data/CASF-2016/coreset/3uev/3uev_ligand.sdf,data/CASF-2016/coreset/3uev/3uev_protein.pdb,5.89
3uew,data/CASF-2016/coreset/3uew/3uew_ligand.sdf,data/CASF-2016/coreset/3uew/3uew_protein.pdb,6.31
3uex,data/CASF-2016/coreset/3uex/3uex_ligand.sdf,data/CASF-2016/coreset/3uex/3uex_protein.pdb,6.92
3ui7,data/CASF-2016/coreset/3ui7/3ui7_ligand.sdf,data/CASF-2016/coreset/3ui7/3ui7_protein.pdb,9.0
3uo4,data/CASF-2016/coreset/3uo4/3uo4_ligand.sdf,data/CASF-2016/coreset/3uo4/3uo4_protein.pdb,6.52
3up2,data/CASF-2016/coreset/3up2/3up2_ligand.sdf,data/CASF-2016/coreset/3up2/3up2_protein.pdb,7.4
3uri,data/CASF-2016/coreset/3uri/3uri_ligand.sdf,data/CASF-2016/coreset/3uri/3uri_protein.pdb,9.0
3utu,data/CASF-2016/coreset/3utu/3utu_ligand.sdf,data/CASF-2016/coreset/3utu/3utu_protein.pdb,10.92
3uuo,data/CASF-2016/coreset/3uuo/3uuo_ligand.sdf,data/CASF-2016/coreset/3uuo/3uuo_protein.pdb,7.96
3wtj,data/CASF-2016/coreset/3wtj/3wtj_ligand.sdf,data/CASF-2016/coreset/3wtj/3wtj_protein.pdb,6.53
3wz8,data/CASF-2016/coreset/3wz8/3wz8_ligand.sdf,data/CASF-2016/coreset/3wz8/3wz8_protein.pdb,5.82
3zdg,data/CASF-2016/coreset/3zdg/3zdg_ligand.sdf,data/CASF-2016/coreset/3zdg/3zdg_protein.pdb,7.1
3zso,data/CASF-2016/coreset/3zso/3zso_ligand.sdf,data/CASF-2016/coreset/3zso/3zso_protein.pdb,5.12
3zsx,data/CASF-2016/coreset/3zsx/3zsx_ligand.sdf,data/CASF-2016/coreset/3zsx/3zsx_protein.pdb,3.28
3zt2,data/CASF-2016/coreset/3zt2/3zt2_ligand.sdf,data/CASF-2016/coreset/3zt2/3zt2_protein.pdb,2.84
4abg,data/CASF-2016/coreset/4abg/4abg_ligand.sdf,data/CASF-2016/coreset/4abg/4abg_protein.pdb,3.57
4agn,data/CASF-2016/coreset/4agn/4agn_ligand.sdf,data/CASF-2016/coreset/4agn/4agn_protein.pdb,3.97
4agp,data/CASF-2016/coreset/4agp/4agp_ligand.sdf,data/CASF-2016/coreset/4agp/4agp_protein.pdb,4.69
4agq,data/CASF-2016/coreset/4agq/4agq_ligand.sdf,data/CASF-2016/coreset/4agq/4agq_protein.pdb,5.01
4bkt,data/CASF-2016/coreset/4bkt/4bkt_ligand.sdf,data/CASF-2016/coreset/4bkt/4bkt_protein.pdb,3.62
4cig,data/CASF-2016/coreset/4cig/4cig_ligand.sdf,data/CASF-2016/coreset/4cig/4cig_protein.pdb,3.67
4ciw,data/CASF-2016/coreset/4ciw/4ciw_ligand.sdf,data/CASF-2016/coreset/4ciw/4ciw_protein.pdb,4.82
4cr9,data/CASF-2016/coreset/4cr9/4cr9_ligand.sdf,data/CASF-2016/coreset/4cr9/4cr9_protein.pdb,4.1
4cra,data/CASF-2016/coreset/4cra/4cra_ligand.sdf,data/CASF-2016/coreset/4cra/4cra_protein.pdb,7.22
4crc,data/CASF-2016/coreset/4crc/4crc_ligand.sdf,data/CASF-2016/coreset/4crc/4crc_protein.pdb,8.72
4ddh,data/CASF-2016/coreset/4ddh/4ddh_ligand.sdf,data/CASF-2016/coreset/4ddh/4ddh_protein.pdb,3.32
4ddk,data/CASF-2016/coreset/4ddk/4ddk_ligand.sdf,data/CASF-2016/coreset/4ddk/4ddk_protein.pdb,2.29
4de1,data/CASF-2016/coreset/4de1/4de1_ligand.sdf,data/CASF-2016/coreset/4de1/4de1_protein.pdb,5.96
4de2,data/CASF-2016/coreset/4de2/4de2_ligand.sdf,data/CASF-2016/coreset/4de2/4de2_protein.pdb,4.12
4de3,data/CASF-2016/coreset/4de3/4de3_ligand.sdf,data/CASF-2016/coreset/4de3/4de3_protein.pdb,5.52
4djv,data/CASF-2016/coreset/4djv/4djv_ligand.sdf,data/CASF-2016/coreset/4djv/4djv_protein.pdb,6.72
4dld,data/CASF-2016/coreset/4dld/4dld_ligand.sdf,data/CASF-2016/coreset/4dld/4dld_protein.pdb,5.82
4dli,data/CASF-2016/coreset/4dli/4dli_ligand.sdf,data/CASF-2016/coreset/4dli/4dli_protein.pdb,5.62
4e5w,data/CASF-2016/coreset/4e5w/4e5w_ligand.sdf,data/CASF-2016/coreset/4e5w/4e5w_protein.pdb,7.66
4e6q,data/CASF-2016/coreset/4e6q/4e6q_ligand.sdf,data/CASF-2016/coreset/4e6q/4e6q_protein.pdb,8.36
4ea2,data/CASF-2016/coreset/4ea2/4ea2_ligand.sdf,data/CASF-2016/coreset/4ea2/4ea2_protein.pdb,6.44
4eky,data/CASF-2016/coreset/4eky/4eky_ligand.sdf,data/CASF-2016/coreset/4eky/4eky_protein.pdb,3.52
4eo8,data/CASF-2016/coreset/4eo8/4eo8_ligand.sdf,data/CASF-2016/coreset/4eo8/4eo8_protein.pdb,8.15
4eor,data/CASF-2016/coreset/4eor/4eor_ligand.sdf,data/CASF-2016/coreset/4eor/4eor_protein.pdb,6.3
4f09,data/CASF-2016/coreset/4f09/4f09_ligand.sdf,data/CASF-2016/coreset/4f09/4f09_protein.pdb,6.7
4f2w,data/CASF-2016/coreset/4f2w/4f2w_ligand.sdf,data/CASF-2016/coreset/4f2w/4f2w_protein.pdb,11.3
4f3c,data/CASF-2016/coreset/4f3c/4f3c_ligand.sdf,data/CASF-2016/coreset/4f3c/4f3c_protein.pdb,11.82
4f9w,data/CASF-2016/coreset/4f9w/4f9w_ligand.sdf,data/CASF-2016/coreset/4f9w/4f9w_protein.pdb,6.94
4gfm,data/CASF-2016/coreset/4gfm/4gfm_ligand.sdf,data/CASF-2016/coreset/4gfm/4gfm_protein.pdb,7.22
4gid,data/CASF-2016/coreset/4gid/4gid_ligand.sdf,data/CASF-2016/coreset/4gid/4gid_protein.pdb,10.77
4gkm,data/CASF-2016/coreset/4gkm/4gkm_ligand.sdf,data/CASF-2016/coreset/4gkm/4gkm_protein.pdb,5.17
4gr0,data/CASF-2016/coreset/4gr0/4gr0_ligand.sdf,data/CASF-2016/coreset/4gr0/4gr0_protein.pdb,9.55
4hge,data/CASF-2016/coreset/4hge/4hge_ligand.sdf,data/CASF-2016/coreset/4hge/4hge_protein.pdb,7.92
4ih5,data/CASF-2016/coreset/4ih5/4ih5_ligand.sdf,data/CASF-2016/coreset/4ih5/4ih5_protein.pdb,4.11
4ih7,data/CASF-2016/coreset/4ih7/4ih7_ligand.sdf,data/CASF-2016/coreset/4ih7/4ih7_protein.pdb,5.24
4ivb,data/CASF-2016/coreset/4ivb/4ivb_ligand.sdf,data/CASF-2016/coreset/4ivb/4ivb_protein.pdb,8.72
4ivc,data/CASF-2016/coreset/4ivc/4ivc_ligand.sdf,data/CASF-2016/coreset/4ivc/4ivc_protein.pdb,10.0
4ivd,data/CASF-2016/coreset/4ivd/4ivd_ligand.sdf,data/CASF-2016/coreset/4ivd/4ivd_protein.pdb,9.52
4j21,data/CASF-2016/coreset/4j21/4j21_ligand.sdf,data/CASF-2016/coreset/4j21/4j21_protein.pdb,7.41
4j28,data/CASF-2016/coreset/4j28/4j28_ligand.sdf,data/CASF-2016/coreset/4j28/4j28_protein.pdb,5.7
4j3l,data/CASF-2016/coreset/4j3l/4j3l_ligand.sdf,data/CASF-2016/coreset/4j3l/4j3l_protein.pdb,7.8
4jfs,data/CASF-2016/coreset/4jfs/4jfs_ligand.sdf,data/CASF-2016/coreset/4jfs/4jfs_protein.pdb,5.27
4jia,data/CASF-2016/coreset/4jia/4jia_ligand.sdf,data/CASF-2016/coreset/4jia/4jia_protein.pdb,9.22
4jsz,data/CASF-2016/coreset/4jsz/4jsz_ligand.sdf,data/CASF-2016/coreset/4jsz/4jsz_protein.pdb,2.3
4jxs,data/CASF-2016/coreset/4jxs/4jxs_ligand.sdf,data/CASF-2016/coreset/4jxs/4jxs_protein.pdb,4.74
4k18,data/CASF-2016/coreset/4k18/4k18_ligand.sdf,data/CASF-2016/coreset/4k18/4k18_protein.pdb,8.96
4k77,data/CASF-2016/coreset/4k77/4k77_ligand.sdf,data/CASF-2016/coreset/4k77/4k77_protein.pdb,6.63
4kz6,data/CASF-2016/coreset/4kz6/4kz6_ligand.sdf,data/CASF-2016/coreset/4kz6/4kz6_protein.pdb,3.1
4kzq,data/CASF-2016/coreset/4kzq/4kzq_ligand.sdf,data/CASF-2016/coreset/4kzq/4kzq_protein.pdb,6.1
4kzu,data/CASF-2016/coreset/4kzu/4kzu_ligand.sdf,data/CASF-2016/coreset/4kzu/4kzu_protein.pdb,6.5
4llx,data/CASF-2016/coreset/4llx/4llx_ligand.sdf,data/CASF-2016/coreset/4llx/4llx_protein.pdb,2.89
4lzs,data/CASF-2016/coreset/4lzs/4lzs_ligand.sdf,data/CASF-2016/coreset/4lzs/4lzs_protein.pdb,4.8
4m0y,data/CASF-2016/coreset/4m0y/4m0y_ligand.sdf,data/CASF-2016/coreset/4m0y/4m0y_protein.pdb,6.46
4m0z,data/CASF-2016/coreset/4m0z/4m0z_ligand.sdf,data/CASF-2016/coreset/4m0z/4m0z_protein.pdb,5.19
4mgd,data/CASF-2016/coreset/4mgd/4mgd_ligand.sdf,data/CASF-2016/coreset/4mgd/4mgd_protein.pdb,4.69
4mme,data/CASF-2016/coreset/4mme/4mme_ligand.sdf,data/CASF-2016/coreset/4mme/4mme_protein.pdb,6.5
4ogj,data/CASF-2016/coreset/4ogj/4ogj_ligand.sdf,data/CASF-2016/coreset/4ogj/4ogj_protein.pdb,6.79
4owm,data/CASF-2016/coreset/4owm/4owm_ligand.sdf,data/CASF-2016/coreset/4owm/4owm_protein.pdb,2.96
4pcs,data/CASF-2016/coreset/4pcs/4pcs_ligand.sdf,data/CASF-2016/coreset/4pcs/4pcs_protein.pdb,7.85
4qac,data/CASF-2016/coreset/4qac/4qac_ligand.sdf,data/CASF-2016/coreset/4qac/4qac_protein.pdb,9.4
4qd6,data/CASF-2016/coreset/4qd6/4qd6_ligand.sdf,data/CASF-2016/coreset/4qd6/4qd6_protein.pdb,8.64
4rfm,data/CASF-2016/coreset/4rfm/4rfm_ligand.sdf,data/CASF-2016/coreset/4rfm/4rfm_protein.pdb,10.05
4tmn,data/CASF-2016/coreset/4tmn/4tmn_ligand.sdf,data/CASF-2016/coreset/4tmn/4tmn_protein.pdb,10.17
4twp,data/CASF-2016/coreset/4twp/4twp_ligand.sdf,data/CASF-2016/coreset/4twp/4twp_protein.pdb,10.0
4ty7,data/CASF-2016/coreset/4ty7/4ty7_ligand.sdf,data/CASF-2016/coreset/4ty7/4ty7_protein.pdb,9.52
4u4s,data/CASF-2016/coreset/4u4s/4u4s_ligand.sdf,data/CASF-2016/coreset/4u4s/4u4s_protein.pdb,2.92
4w9c,data/CASF-2016/coreset/4w9c/4w9c_ligand.sdf,data/CASF-2016/coreset/4w9c/4w9c_protein.pdb,4.65
4w9h,data/CASF-2016/coreset/4w9h/4w9h_ligand.sdf,data/CASF-2016/coreset/4w9h/4w9h_protein.pdb,6.73
4w9i,data/CASF-2016/coreset/4w9i/4w9i_ligand.sdf,data/CASF-2016/coreset/4w9i/4w9i_protein.pdb,5.96
4w9l,data/CASF-2016/coreset/4w9l/4w9l_ligand.sdf,data/CASF-2016/coreset/4w9l/4w9l_protein.pdb,5.02
4wiv,data/CASF-2016/coreset/4wiv/4wiv_ligand.sdf,data/CASF-2016/coreset/4wiv/4wiv_protein.pdb,6.26
4x6p,data/CASF-2016/coreset/4x6p/4x6p_ligand.sdf,data/CASF-2016/coreset/4x6p/4x6p_protein.pdb,8.3
5a7b,data/CASF-2016/coreset/5a7b/5a7b_ligand.sdf,data/CASF-2016/coreset/5a7b/5a7b_protein.pdb,3.57
5aba,data/CASF-2016/coreset/5aba/5aba_ligand.sdf,data/CASF-2016/coreset/5aba/5aba_protein.pdb,2.98
5c28,data/CASF-2016/coreset/5c28/5c28_ligand.sdf,data/CASF-2016/coreset/5c28/5c28_protein.pdb,5.66
5c2h,data/CASF-2016/coreset/5c2h/5c2h_ligand.sdf,data/CASF-2016/coreset/5c2h/5c2h_protein.pdb,11.09
5dwr,data/CASF-2016/coreset/5dwr/5dwr_ligand.sdf,data/CASF-2016/coreset/5dwr/5dwr_protein.pdb,11.22
5tmn,data/CASF-2016/coreset/5tmn/5tmn_ligand.sdf,data/CASF-2016/coreset/5tmn/5tmn_protein.pdb,8.04
