unique_id,sdf_file,pdb_file,pK,graph_id,final_pred_pKd,final_bind_prob
1bcu,data/CASF-2016/coreset/1bcu/1bcu_ligand.sdf,data/CASF-2016/coreset/1bcu/1bcu_protein.pdb,3.28,0,4.782094,0.9001341
1e66,data/CASF-2016/coreset/1e66/1e66_ligand.sdf,data/CASF-2016/coreset/1e66/1e66_protein.pdb,9.89,1,8.446156,0.99999887
1eby,data/CASF-2016/coreset/1eby/1eby_ligand.sdf,data/CASF-2016/coreset/1eby/1eby_protein.pdb,9.7,2,8.6180315,0.99998504
1g2k,data/CASF-2016/coreset/1g2k/1g2k_ligand.sdf,data/CASF-2016/coreset/1g2k/1g2k_protein.pdb,7.96,3,7.4693174,0.99997175
1gpk,data/CASF-2016/coreset/1gpk/1gpk_ligand.sdf,data/CASF-2016/coreset/1gpk/1gpk_protein.pdb,5.37,4,5.6295033,0.9779018
1gpn,data/CASF-2016/coreset/1gpn/1gpn_ligand.sdf,data/CASF-2016/coreset/1gpn/1gpn_protein.pdb,6.48,5,5.926807,0.9990021
1h22,data/CASF-2016/coreset/1h22/1h22_ligand.sdf,data/CASF-2016/coreset/1h22/1h22_protein.pdb,9.1,6,6.586848,0.9981127
1h23,data/CASF-2016/coreset/1h23/1h23_ligand.sdf,data/CASF-2016/coreset/1h23/1h23_protein.pdb,8.35,7,6.711751,0.9995049
1mq6,data/CASF-2016/coreset/1mq6/1mq6_ligand.sdf,data/CASF-2016/coreset/1mq6/1mq6_protein.pdb,11.15,8,9.350106,0.99999636
1nc1,data/CASF-2016/coreset/1nc1/1nc1_ligand.sdf,data/CASF-2016/coreset/1nc1/1nc1_protein.pdb,6.12,9,6.3295,0.9992546
1nc3,data/CASF-2016/coreset/1nc3/1nc3_ligand.sdf,data/CASF-2016/coreset/1nc3/1nc3_protein.pdb,5.0,10,5.9289427,0.9996635
1nvq,data/CASF-2016/coreset/1nvq/1nvq_ligand.sdf,data/CASF-2016/coreset/1nvq/1nvq_protein.pdb,8.25,11,8.166503,0.9999754
1o0h,data/CASF-2016/coreset/1o0h/1o0h_ligand.sdf,data/CASF-2016/coreset/1o0h/1o0h_protein.pdb,5.92,12,5.4046545,0.96421784
1ps3,data/CASF-2016/coreset/1ps3/1ps3_ligand.sdf,data/CASF-2016/coreset/1ps3/1ps3_protein.pdb,2.28,13,5.5527143,0.7969278
1pxn,data/CASF-2016/coreset/1pxn/1pxn_ligand.sdf,data/CASF-2016/coreset/1pxn/1pxn_protein.pdb,7.15,14,6.98084,0.9999897
1q8t,data/CASF-2016/coreset/1q8t/1q8t_ligand.sdf,data/CASF-2016/coreset/1q8t/1q8t_protein.pdb,4.76,15,6.015296,0.99970186
1q8u,data/CASF-2016/coreset/1q8u/1q8u_ligand.sdf,data/CASF-2016/coreset/1q8u/1q8u_protein.pdb,5.96,16,7.3606925,0.99999446
1qkt,data/CASF-2016/coreset/1qkt/1qkt_ligand.sdf,data/CASF-2016/coreset/1qkt/1qkt_protein.pdb,9.04,17,8.394517,0.9999758
1r5y,data/CASF-2016/coreset/1r5y/1r5y_ligand.sdf,data/CASF-2016/coreset/1r5y/1r5y_protein.pdb,6.46,18,5.7248693,0.9985553
1s38,data/CASF-2016/coreset/1s38/1s38_ligand.sdf,data/CASF-2016/coreset/1s38/1s38_protein.pdb,5.15,19,5.76945,0.9999298
1u1b,data/CASF-2016/coreset/1u1b/1u1b_ligand.sdf,data/CASF-2016/coreset/1u1b/1u1b_protein.pdb,7.8,20,6.861876,0.9999627
1uto,data/CASF-2016/coreset/1uto/1uto_ligand.sdf,data/CASF-2016/coreset/1uto/1uto_protein.pdb,2.27,21,2.2948852,0.13123582
1w4o,data/CASF-2016/coreset/1w4o/1w4o_ligand.sdf,data/CASF-2016/coreset/1w4o/1w4o_protein.pdb,5.22,22,4.743011,0.9586091
1y6r,data/CASF-2016/coreset/1y6r/1y6r_ligand.sdf,data/CASF-2016/coreset/1y6r/1y6r_protein.pdb,10.11,23,9.857236,0.9999954
1ydr,data/CASF-2016/coreset/1ydr/1ydr_ligand.sdf,data/CASF-2016/coreset/1ydr/1ydr_protein.pdb,5.52,24,6.0545454,0.9999819
1ydt,data/CASF-2016/coreset/1ydt/1ydt_ligand.sdf,data/CASF-2016/coreset/1ydt/1ydt_protein.pdb,7.32,25,6.190807,0.9999939
1z6e,data/CASF-2016/coreset/1z6e/1z6e_ligand.sdf,data/CASF-2016/coreset/1z6e/1z6e_protein.pdb,9.72,26,8.774623,0.99997425
1z95,data/CASF-2016/coreset/1z95/1z95_ligand.sdf,data/CASF-2016/coreset/1z95/1z95_protein.pdb,7.12,27,7.8788886,0.99996245
2br1,data/CASF-2016/coreset/2br1/2br1_ligand.sdf,data/CASF-2016/coreset/2br1/2br1_protein.pdb,5.14,28,6.4472895,0.9999466
2brb,data/CASF-2016/coreset/2brb/2brb_ligand.sdf,data/CASF-2016/coreset/2brb/2brb_protein.pdb,4.86,29,5.9022226,0.9999569
2c3i,data/CASF-2016/coreset/2c3i/2c3i_ligand.sdf,data/CASF-2016/coreset/2c3i/2c3i_protein.pdb,7.6,30,6.74479,0.999979
2cbv,data/CASF-2016/coreset/2cbv/2cbv_ligand.sdf,data/CASF-2016/coreset/2cbv/2cbv_protein.pdb,5.48,31,4.598119,0.69315827
2cet,data/CASF-2016/coreset/2cet/2cet_ligand.sdf,data/CASF-2016/coreset/2cet/2cet_protein.pdb,8.02,32,8.399236,0.99999654
2fvd,data/CASF-2016/coreset/2fvd/2fvd_ligand.sdf,data/CASF-2016/coreset/2fvd/2fvd_protein.pdb,8.52,33,8.09939,0.9999878
2fxs,data/CASF-2016/coreset/2fxs/2fxs_ligand.sdf,data/CASF-2016/coreset/2fxs/2fxs_protein.pdb,6.06,34,6.3130302,0.99997616
2iwx,data/CASF-2016/coreset/2iwx/2iwx_ligand.sdf,data/CASF-2016/coreset/2iwx/2iwx_protein.pdb,6.68,35,6.5802245,0.9997407
2j78,data/CASF-2016/coreset/2j78/2j78_ligand.sdf,data/CASF-2016/coreset/2j78/2j78_protein.pdb,6.42,36,5.0149813,0.9059439
2j7h,data/CASF-2016/coreset/2j7h/2j7h_ligand.sdf,data/CASF-2016/coreset/2j7h/2j7h_protein.pdb,7.19,37,6.9627013,0.9835947
2p15,data/CASF-2016/coreset/2p15/2p15_ligand.sdf,data/CASF-2016/coreset/2p15/2p15_protein.pdb,10.3,38,8.875615,0.9999851
2pog,data/CASF-2016/coreset/2pog/2pog_ligand.sdf,data/CASF-2016/coreset/2pog/2pog_protein.pdb,9.54,39,8.860102,0.999983
2qe4,data/CASF-2016/coreset/2qe4/2qe4_ligand.sdf,data/CASF-2016/coreset/2qe4/2qe4_protein.pdb,7.96,40,8.48361,0.99998426
2qnq,data/CASF-2016/coreset/2qnq/2qnq_ligand.sdf,data/CASF-2016/coreset/2qnq/2qnq_protein.pdb,6.11,41,6.1219053,0.9999393
2v00,data/CASF-2016/coreset/2v00/2v00_ligand.sdf,data/CASF-2016/coreset/2v00/2v00_protein.pdb,3.66,42,3.647482,0.0020683012
2v7a,data/CASF-2016/coreset/2v7a/2v7a_ligand.sdf,data/CASF-2016/coreset/2v7a/2v7a_protein.pdb,8.3,43,7.2237906,0.9999714
2vkm,data/CASF-2016/coreset/2vkm/2vkm_ligand.sdf,data/CASF-2016/coreset/2vkm/2vkm_protein.pdb,8.74,44,6.9349337,0.999993
2vvn,data/CASF-2016/coreset/2vvn/2vvn_ligand.sdf,data/CASF-2016/coreset/2vvn/2vvn_protein.pdb,7.3,45,7.838627,0.99999523
2vw5,data/CASF-2016/coreset/2vw5/2vw5_ligand.sdf,data/CASF-2016/coreset/2vw5/2vw5_protein.pdb,8.52,46,6.480952,0.9999067
2w4x,data/CASF-2016/coreset/2w4x/2w4x_ligand.sdf,data/CASF-2016/coreset/2w4x/2w4x_protein.pdb,4.85,47,5.5357847,0.99925345
2w66,data/CASF-2016/coreset/2w66/2w66_ligand.sdf,data/CASF-2016/coreset/2w66/2w66_protein.pdb,4.05,48,5.3856974,0.9971927
2wbg,data/CASF-2016/coreset/2wbg/2wbg_ligand.sdf,data/CASF-2016/coreset/2wbg/2wbg_protein.pdb,4.45,49,6.2090163,0.9999418
2wca,data/CASF-2016/coreset/2wca/2wca_ligand.sdf,data/CASF-2016/coreset/2wca/2wca_protein.pdb,5.6,50,6.9594526,0.9999965
2weg,data/CASF-2016/coreset/2weg/2weg_ligand.sdf,data/CASF-2016/coreset/2weg/2weg_protein.pdb,6.5,51,6.208574,0.99964637
2wer,data/CASF-2016/coreset/2wer/2wer_ligand.sdf,data/CASF-2016/coreset/2wer/2wer_protein.pdb,7.05,52,7.716516,0.99685097
2wn9,data/CASF-2016/coreset/2wn9/2wn9_ligand.sdf,data/CASF-2016/coreset/2wn9/2wn9_protein.pdb,8.52,53,6.3334565,0.99998075
2wnc,data/CASF-2016/coreset/2wnc/2wnc_ligand.sdf,data/CASF-2016/coreset/2wnc/2wnc_protein.pdb,6.32,54,6.822999,0.9999609
2wvt,data/CASF-2016/coreset/2wvt/2wvt_ligand.sdf,data/CASF-2016/coreset/2wvt/2wvt_protein.pdb,6.12,55,5.8423986,0.99784297
2x00,data/CASF-2016/coreset/2x00/2x00_ligand.sdf,data/CASF-2016/coreset/2x00/2x00_protein.pdb,11.33,56,7.5215597,0.9999875
2xbv,data/CASF-2016/coreset/2xbv/2xbv_ligand.sdf,data/CASF-2016/coreset/2xbv/2xbv_protein.pdb,8.43,57,8.02068,0.9999088
2xdl,data/CASF-2016/coreset/2xdl/2xdl_ligand.sdf,data/CASF-2016/coreset/2xdl/2xdl_protein.pdb,3.1,58,5.064957,0.895421
2xii,data/CASF-2016/coreset/2xii/2xii_ligand.sdf,data/CASF-2016/coreset/2xii/2xii_protein.pdb,7.2,59,9.564408,0.99999905
2xj7,data/CASF-2016/coreset/2xj7/2xj7_ligand.sdf,data/CASF-2016/coreset/2xj7/2xj7_protein.pdb,6.66,60,5.339822,0.99624175
2xnb,data/CASF-2016/coreset/2xnb/2xnb_ligand.sdf,data/CASF-2016/coreset/2xnb/2xnb_protein.pdb,6.83,61,6.8231406,0.9999962
2xys,data/CASF-2016/coreset/2xys/2xys_ligand.sdf,data/CASF-2016/coreset/2xys/2xys_protein.pdb,7.42,62,6.2770643,0.99999
2y5h,data/CASF-2016/coreset/2y5h/2y5h_ligand.sdf,data/CASF-2016/coreset/2y5h/2y5h_protein.pdb,5.79,63,6.34457,0.9996111
2yge,data/CASF-2016/coreset/2yge/2yge_ligand.sdf,data/CASF-2016/coreset/2yge/2yge_protein.pdb,5.06,64,5.9377007,0.9999738
2yki,data/CASF-2016/coreset/2yki/2yki_ligand.sdf,data/CASF-2016/coreset/2yki/2yki_protein.pdb,9.46,65,6.3624883,0.99996454
2ymd,data/CASF-2016/coreset/2ymd/2ymd_ligand.sdf,data/CASF-2016/coreset/2ymd/2ymd_protein.pdb,3.16,66,6.8626947,0.99988806
2zb1,data/CASF-2016/coreset/2zb1/2zb1_ligand.sdf,data/CASF-2016/coreset/2zb1/2zb1_protein.pdb,6.32,67,6.409545,0.9999938
2zy1,data/CASF-2016/coreset/2zy1/2zy1_ligand.sdf,data/CASF-2016/coreset/2zy1/2zy1_protein.pdb,7.4,68,5.6401224,0.9498851
3acw,data/CASF-2016/coreset/3acw/3acw_ligand.sdf,data/CASF-2016/coreset/3acw/3acw_protein.pdb,4.76,69,5.8094735,0.99883425
3ao4,data/CASF-2016/coreset/3ao4/3ao4_ligand.sdf,data/CASF-2016/coreset/3ao4/3ao4_protein.pdb,2.07,70,3.3121562,0.13885444
3arp,data/CASF-2016/coreset/3arp/3arp_ligand.sdf,data/CASF-2016/coreset/3arp/3arp_protein.pdb,7.15,71,6.227073,0.9999919
3arq,data/CASF-2016/coreset/3arq/3arq_ligand.sdf,data/CASF-2016/coreset/3arq/3arq_protein.pdb,6.4,72,6.3391924,0.9988586
3aru,data/CASF-2016/coreset/3aru/3aru_ligand.sdf,data/CASF-2016/coreset/3aru/3aru_protein.pdb,3.22,73,4.4477434,0.56301194
3arv,data/CASF-2016/coreset/3arv/3arv_ligand.sdf,data/CASF-2016/coreset/3arv/3arv_protein.pdb,5.64,74,5.7910805,0.9999892
3ary,data/CASF-2016/coreset/3ary/3ary_ligand.sdf,data/CASF-2016/coreset/3ary/3ary_protein.pdb,6.0,75,5.963256,0.9998126
3b1m,data/CASF-2016/coreset/3b1m/3b1m_ligand.sdf,data/CASF-2016/coreset/3b1m/3b1m_protein.pdb,8.48,76,7.4818335,0.9999981
3b27,data/CASF-2016/coreset/3b27/3b27_ligand.sdf,data/CASF-2016/coreset/3b27/3b27_protein.pdb,5.16,77,5.162897,0.8771504
3b5r,data/CASF-2016/coreset/3b5r/3b5r_ligand.sdf,data/CASF-2016/coreset/3b5r/3b5r_protein.pdb,8.77,78,8.608886,0.9999558
3b65,data/CASF-2016/coreset/3b65/3b65_ligand.sdf,data/CASF-2016/coreset/3b65/3b65_protein.pdb,9.27,79,8.084398,0.9999712
3b68,data/CASF-2016/coreset/3b68/3b68_ligand.sdf,data/CASF-2016/coreset/3b68/3b68_protein.pdb,8.4,80,7.8828382,0.9998388
3coy,data/CASF-2016/coreset/3coy/3coy_ligand.sdf,data/CASF-2016/coreset/3coy/3coy_protein.pdb,6.02,81,6.7498107,0.9999924
3coz,data/CASF-2016/coreset/3coz/3coz_ligand.sdf,data/CASF-2016/coreset/3coz/3coz_protein.pdb,5.57,82,6.6429734,0.99992406
3d4z,data/CASF-2016/coreset/3d4z/3d4z_ligand.sdf,data/CASF-2016/coreset/3d4z/3d4z_protein.pdb,4.89,83,5.2722607,0.9874687
3d6q,data/CASF-2016/coreset/3d6q/3d6q_ligand.sdf,data/CASF-2016/coreset/3d6q/3d6q_protein.pdb,3.76,84,4.3090057,0.10189618
3dd0,data/CASF-2016/coreset/3dd0/3dd0_ligand.sdf,data/CASF-2016/coreset/3dd0/3dd0_protein.pdb,9.0,85,8.404393,0.9979038
3dx1,data/CASF-2016/coreset/3dx1/3dx1_ligand.sdf,data/CASF-2016/coreset/3dx1/3dx1_protein.pdb,3.58,86,5.032607,0.76117724
3dx2,data/CASF-2016/coreset/3dx2/3dx2_ligand.sdf,data/CASF-2016/coreset/3dx2/3dx2_protein.pdb,6.82,87,7.096437,0.99946463
3dxg,data/CASF-2016/coreset/3dxg/3dxg_ligand.sdf,data/CASF-2016/coreset/3dxg/3dxg_protein.pdb,2.4,88,3.7238832,0.038787905
3e5a,data/CASF-2016/coreset/3e5a/3e5a_ligand.sdf,data/CASF-2016/coreset/3e5a/3e5a_protein.pdb,8.23,89,8.037209,0.9999882
3e92,data/CASF-2016/coreset/3e92/3e92_ligand.sdf,data/CASF-2016/coreset/3e92/3e92_protein.pdb,8.0,90,7.741562,0.9998665
3e93,data/CASF-2016/coreset/3e93/3e93_ligand.sdf,data/CASF-2016/coreset/3e93/3e93_protein.pdb,8.85,91,7.600253,0.99999666
3ebp,data/CASF-2016/coreset/3ebp/3ebp_ligand.sdf,data/CASF-2016/coreset/3ebp/3ebp_protein.pdb,5.91,92,6.0470476,0.99783957
3ejr,data/CASF-2016/coreset/3ejr/3ejr_ligand.sdf,data/CASF-2016/coreset/3ejr/3ejr_protein.pdb,8.57,93,7.839808,0.99998796
3fur,data/CASF-2016/coreset/3fur/3fur_ligand.sdf,data/CASF-2016/coreset/3fur/3fur_protein.pdb,8.0,94,6.825629,0.9999817
3g0w,data/CASF-2016/coreset/3g0w/3g0w_ligand.sdf,data/CASF-2016/coreset/3g0w/3g0w_protein.pdb,9.52,95,7.9140396,0.99996966
3g2n,data/CASF-2016/coreset/3g2n/3g2n_ligand.sdf,data/CASF-2016/coreset/3g2n/3g2n_protein.pdb,4.09,96,3.9697533,0.18357573
3g2z,data/CASF-2016/coreset/3g2z/3g2z_ligand.sdf,data/CASF-2016/coreset/3g2z/3g2z_protein.pdb,2.36,97,3.3171418,0.21960516
3gnw,data/CASF-2016/coreset/3gnw/3gnw_ligand.sdf,data/CASF-2016/coreset/3gnw/3gnw_protein.pdb,9.1,98,7.201753,0.99984896
3gr2,data/CASF-2016/coreset/3gr2/3gr2_ligand.sdf,data/CASF-2016/coreset/3gr2/3gr2_protein.pdb,2.52,99,3.7615921,0.13947639
3jvr,data/CASF-2016/coreset/3jvr/3jvr_ligand.sdf,data/CASF-2016/coreset/3jvr/3jvr_protein.pdb,5.72,100,6.0892515,0.9999391
3jvs,data/CASF-2016/coreset/3jvs/3jvs_ligand.sdf,data/CASF-2016/coreset/3jvs/3jvs_protein.pdb,6.54,101,5.6855097,0.9993483
3jya,data/CASF-2016/coreset/3jya/3jya_ligand.sdf,data/CASF-2016/coreset/3jya/3jya_protein.pdb,6.89,102,6.7439547,0.9995349
3k5v,data/CASF-2016/coreset/3k5v/3k5v_ligand.sdf,data/CASF-2016/coreset/3k5v/3k5v_protein.pdb,6.3,103,6.062257,0.9994332
3kr8,data/CASF-2016/coreset/3kr8/3kr8_ligand.sdf,data/CASF-2016/coreset/3kr8/3kr8_protein.pdb,8.1,104,7.772383,0.99999654
3kwa,data/CASF-2016/coreset/3kwa/3kwa_ligand.sdf,data/CASF-2016/coreset/3kwa/3kwa_protein.pdb,4.08,105,8.765066,0.9999994
3l7b,data/CASF-2016/coreset/3l7b/3l7b_ligand.sdf,data/CASF-2016/coreset/3l7b/3l7b_protein.pdb,2.4,106,2.849829,0.014489798
3lka,data/CASF-2016/coreset/3lka/3lka_ligand.sdf,data/CASF-2016/coreset/3lka/3lka_protein.pdb,2.82,107,5.4519043,0.9740542
3mss,data/CASF-2016/coreset/3mss/3mss_ligand.sdf,data/CASF-2016/coreset/3mss/3mss_protein.pdb,4.66,108,4.253662,0.3856467
3myg,data/CASF-2016/coreset/3myg/3myg_ligand.sdf,data/CASF-2016/coreset/3myg/3myg_protein.pdb,10.7,109,8.263481,0.99998236
3nw9,data/CASF-2016/coreset/3nw9/3nw9_ligand.sdf,data/CASF-2016/coreset/3nw9/3nw9_protein.pdb,9.0,110,7.372449,0.99999774
3nx7,data/CASF-2016/coreset/3nx7/3nx7_ligand.sdf,data/CASF-2016/coreset/3nx7/3nx7_protein.pdb,8.1,111,7.854304,0.99999064
3o9i,data/CASF-2016/coreset/3o9i/3o9i_ligand.sdf,data/CASF-2016/coreset/3o9i/3o9i_protein.pdb,11.82,112,11.35539,0.9999846
3oe4,data/CASF-2016/coreset/3oe4/3oe4_ligand.sdf,data/CASF-2016/coreset/3oe4/3oe4_protein.pdb,7.47,113,6.20284,0.99997795
3oe5,data/CASF-2016/coreset/3oe5/3oe5_ligand.sdf,data/CASF-2016/coreset/3oe5/3oe5_protein.pdb,6.88,114,6.3292646,0.99987525
3ozs,data/CASF-2016/coreset/3ozs/3ozs_ligand.sdf,data/CASF-2016/coreset/3ozs/3ozs_protein.pdb,5.33,115,6.344693,0.99990445
3ozt,data/CASF-2016/coreset/3ozt/3ozt_ligand.sdf,data/CASF-2016/coreset/3ozt/3ozt_protein.pdb,4.13,116,6.037368,0.9995596
3p5o,data/CASF-2016/coreset/3p5o/3p5o_ligand.sdf,data/CASF-2016/coreset/3p5o/3p5o_protein.pdb,7.3,117,6.9939485,0.9999647
3prs,data/CASF-2016/coreset/3prs/3prs_ligand.sdf,data/CASF-2016/coreset/3prs/3prs_protein.pdb,7.82,118,8.644228,0.999993
3pww,data/CASF-2016/coreset/3pww/3pww_ligand.sdf,data/CASF-2016/coreset/3pww/3pww_protein.pdb,7.32,119,7.6118064,0.9997077
3pyy,data/CASF-2016/coreset/3pyy/3pyy_ligand.sdf,data/CASF-2016/coreset/3pyy/3pyy_protein.pdb,6.86,120,6.714959,0.99932367
3qgy,data/CASF-2016/coreset/3qgy/3qgy_ligand.sdf,data/CASF-2016/coreset/3qgy/3qgy_protein.pdb,7.8,121,7.637722,0.99998486
3rlr,data/CASF-2016/coreset/3rlr/3rlr_ligand.sdf,data/CASF-2016/coreset/3rlr/3rlr_protein.pdb,7.52,122,7.8455567,0.99995995
3rr4,data/CASF-2016/coreset/3rr4/3rr4_ligand.sdf,data/CASF-2016/coreset/3rr4/3rr4_protein.pdb,4.55,123,5.444621,0.9999857
3rsx,data/CASF-2016/coreset/3rsx/3rsx_ligand.sdf,data/CASF-2016/coreset/3rsx/3rsx_protein.pdb,4.41,124,5.085282,0.9624813
3ryj,data/CASF-2016/coreset/3ryj/3ryj_ligand.sdf,data/CASF-2016/coreset/3ryj/3ryj_protein.pdb,7.8,125,7.572936,0.99998474
3syr,data/CASF-2016/coreset/3syr/3syr_ligand.sdf,data/CASF-2016/coreset/3syr/3syr_protein.pdb,5.1,126,5.1566153,0.9663243
3u5j,data/CASF-2016/coreset/3u5j/3u5j_ligand.sdf,data/CASF-2016/coreset/3u5j/3u5j_protein.pdb,5.61,127,5.567336,0.99966705
3u8k,data/CASF-2016/coreset/3u8k/3u8k_ligand.sdf,data/CASF-2016/coreset/3u8k/3u8k_protein.pdb,8.66,128,6.8019547,0.9999827
3u8n,data/CASF-2016/coreset/3u8n/3u8n_ligand.sdf,data/CASF-2016/coreset/3u8n/3u8n_protein.pdb,10.17,129,7.152938,0.9999949
3udh,data/CASF-2016/coreset/3udh/3udh_ligand.sdf,data/CASF-2016/coreset/3udh/3udh_protein.pdb,2.85,130,4.2749796,0.66820824
3ui7,data/CASF-2016/coreset/3ui7/3ui7_ligand.sdf,data/CASF-2016/coreset/3ui7/3ui7_protein.pdb,9.0,131,7.2354956,0.9999709
3uuo,data/CASF-2016/coreset/3uuo/3uuo_ligand.sdf,data/CASF-2016/coreset/3uuo/3uuo_protein.pdb,7.96,132,6.6916037,0.99997693
3wz8,data/CASF-2016/coreset/3wz8/3wz8_ligand.sdf,data/CASF-2016/coreset/3wz8/3wz8_protein.pdb,5.82,133,5.826829,0.9999962
3zdg,data/CASF-2016/coreset/3zdg/3zdg_ligand.sdf,data/CASF-2016/coreset/3zdg/3zdg_protein.pdb,7.1,134,5.006727,0.9806565
4abg,data/CASF-2016/coreset/4abg/4abg_ligand.sdf,data/CASF-2016/coreset/4abg/4abg_protein.pdb,3.57,135,4.5300164,0.9197394
4agn,data/CASF-2016/coreset/4agn/4agn_ligand.sdf,data/CASF-2016/coreset/4agn/4agn_protein.pdb,3.97,136,5.283318,0.8437139
4agp,data/CASF-2016/coreset/4agp/4agp_ligand.sdf,data/CASF-2016/coreset/4agp/4agp_protein.pdb,4.69,137,5.5413237,0.9031991
4agq,data/CASF-2016/coreset/4agq/4agq_ligand.sdf,data/CASF-2016/coreset/4agq/4agq_protein.pdb,5.01,138,5.3671184,0.99115455
4bkt,data/CASF-2016/coreset/4bkt/4bkt_ligand.sdf,data/CASF-2016/coreset/4bkt/4bkt_protein.pdb,3.62,139,3.885651,0.5774045
4cr9,data/CASF-2016/coreset/4cr9/4cr9_ligand.sdf,data/CASF-2016/coreset/4cr9/4cr9_protein.pdb,4.1,140,4.2620425,0.4884251
4cra,data/CASF-2016/coreset/4cra/4cra_ligand.sdf,data/CASF-2016/coreset/4cra/4cra_protein.pdb,7.22,141,6.709565,0.9997997
4crc,data/CASF-2016/coreset/4crc/4crc_ligand.sdf,data/CASF-2016/coreset/4crc/4crc_protein.pdb,8.72,142,8.06568,0.9999944
4de1,data/CASF-2016/coreset/4de1/4de1_ligand.sdf,data/CASF-2016/coreset/4de1/4de1_protein.pdb,5.96,143,5.582568,0.9993082
4de2,data/CASF-2016/coreset/4de2/4de2_ligand.sdf,data/CASF-2016/coreset/4de2/4de2_protein.pdb,4.12,144,5.38519,0.9955535
4de3,data/CASF-2016/coreset/4de3/4de3_ligand.sdf,data/CASF-2016/coreset/4de3/4de3_protein.pdb,5.52,145,5.2835,0.9512185
4dli,data/CASF-2016/coreset/4dli/4dli_ligand.sdf,data/CASF-2016/coreset/4dli/4dli_protein.pdb,5.62,146,6.7510557,0.9999423
4e5w,data/CASF-2016/coreset/4e5w/4e5w_ligand.sdf,data/CASF-2016/coreset/4e5w/4e5w_protein.pdb,7.66,147,7.7579374,0.99998283
4e6q,data/CASF-2016/coreset/4e6q/4e6q_ligand.sdf,data/CASF-2016/coreset/4e6q/4e6q_protein.pdb,8.36,148,7.8554544,0.99999315
4ea2,data/CASF-2016/coreset/4ea2/4ea2_ligand.sdf,data/CASF-2016/coreset/4ea2/4ea2_protein.pdb,6.44,149,6.2306914,0.9451672
4eky,data/CASF-2016/coreset/4eky/4eky_ligand.sdf,data/CASF-2016/coreset/4eky/4eky_protein.pdb,3.52,150,4.6083384,0.59658575
4eor,data/CASF-2016/coreset/4eor/4eor_ligand.sdf,data/CASF-2016/coreset/4eor/4eor_protein.pdb,6.3,151,7.1928825,0.99999917
4f09,data/CASF-2016/coreset/4f09/4f09_ligand.sdf,data/CASF-2016/coreset/4f09/4f09_protein.pdb,6.7,152,6.8538384,0.99999154
4f2w,data/CASF-2016/coreset/4f2w/4f2w_ligand.sdf,data/CASF-2016/coreset/4f2w/4f2w_protein.pdb,11.3,153,10.446331,0.9999585
4f3c,data/CASF-2016/coreset/4f3c/4f3c_ligand.sdf,data/CASF-2016/coreset/4f3c/4f3c_protein.pdb,11.82,154,10.662416,0.99994075
4f9w,data/CASF-2016/coreset/4f9w/4f9w_ligand.sdf,data/CASF-2016/coreset/4f9w/4f9w_protein.pdb,6.94,155,6.884446,0.9999622
4gfm,data/CASF-2016/coreset/4gfm/4gfm_ligand.sdf,data/CASF-2016/coreset/4gfm/4gfm_protein.pdb,7.22,156,5.3822494,0.9687637
4gid,data/CASF-2016/coreset/4gid/4gid_ligand.sdf,data/CASF-2016/coreset/4gid/4gid_protein.pdb,10.77,157,8.424473,0.99999493
4gr0,data/CASF-2016/coreset/4gr0/4gr0_ligand.sdf,data/CASF-2016/coreset/4gr0/4gr0_protein.pdb,9.55,158,8.328327,0.99999845
4hge,data/CASF-2016/coreset/4hge/4hge_ligand.sdf,data/CASF-2016/coreset/4hge/4hge_protein.pdb,7.92,159,6.4928236,0.9999687
4ih5,data/CASF-2016/coreset/4ih5/4ih5_ligand.sdf,data/CASF-2016/coreset/4ih5/4ih5_protein.pdb,4.11,160,4.2648354,0.24787024
4ih7,data/CASF-2016/coreset/4ih7/4ih7_ligand.sdf,data/CASF-2016/coreset/4ih7/4ih7_protein.pdb,5.24,161,5.9359612,0.9998949
4ivb,data/CASF-2016/coreset/4ivb/4ivb_ligand.sdf,data/CASF-2016/coreset/4ivb/4ivb_protein.pdb,8.72,162,8.1325245,0.99999046
4ivc,data/CASF-2016/coreset/4ivc/4ivc_ligand.sdf,data/CASF-2016/coreset/4ivc/4ivc_protein.pdb,10.0,163,8.539439,0.9999938
4ivd,data/CASF-2016/coreset/4ivd/4ivd_ligand.sdf,data/CASF-2016/coreset/4ivd/4ivd_protein.pdb,9.52,164,8.215713,0.99998987
4j21,data/CASF-2016/coreset/4j21/4j21_ligand.sdf,data/CASF-2016/coreset/4j21/4j21_protein.pdb,7.41,165,6.841998,0.9999754
4j28,data/CASF-2016/coreset/4j28/4j28_ligand.sdf,data/CASF-2016/coreset/4j28/4j28_protein.pdb,5.7,166,6.4875193,0.99886274
4j3l,data/CASF-2016/coreset/4j3l/4j3l_ligand.sdf,data/CASF-2016/coreset/4j3l/4j3l_protein.pdb,7.8,167,7.3733873,0.999966
4jfs,data/CASF-2016/coreset/4jfs/4jfs_ligand.sdf,data/CASF-2016/coreset/4jfs/4jfs_protein.pdb,5.27,168,5.425294,0.98935497
4jia,data/CASF-2016/coreset/4jia/4jia_ligand.sdf,data/CASF-2016/coreset/4jia/4jia_protein.pdb,9.22,169,7.011204,0.999979
4jsz,data/CASF-2016/coreset/4jsz/4jsz_ligand.sdf,data/CASF-2016/coreset/4jsz/4jsz_protein.pdb,2.3,170,3.5006022,0.8029472
4k18,data/CASF-2016/coreset/4k18/4k18_ligand.sdf,data/CASF-2016/coreset/4k18/4k18_protein.pdb,8.96,171,7.656771,0.99998254
4k77,data/CASF-2016/coreset/4k77/4k77_ligand.sdf,data/CASF-2016/coreset/4k77/4k77_protein.pdb,6.63,172,6.5546165,0.99997294
4kzq,data/CASF-2016/coreset/4kzq/4kzq_ligand.sdf,data/CASF-2016/coreset/4kzq/4kzq_protein.pdb,6.1,173,6.6571846,0.99999285
4kzu,data/CASF-2016/coreset/4kzu/4kzu_ligand.sdf,data/CASF-2016/coreset/4kzu/4kzu_protein.pdb,6.5,174,6.991927,0.99999934
4llx,data/CASF-2016/coreset/4llx/4llx_ligand.sdf,data/CASF-2016/coreset/4llx/4llx_protein.pdb,2.89,175,3.7198567,0.6611121
4lzs,data/CASF-2016/coreset/4lzs/4lzs_ligand.sdf,data/CASF-2016/coreset/4lzs/4lzs_protein.pdb,4.8,176,5.0576963,0.99755013
4m0y,data/CASF-2016/coreset/4m0y/4m0y_ligand.sdf,data/CASF-2016/coreset/4m0y/4m0y_protein.pdb,6.46,177,6.4379478,0.99995774
4m0z,data/CASF-2016/coreset/4m0z/4m0z_ligand.sdf,data/CASF-2016/coreset/4m0z/4m0z_protein.pdb,5.19,178,6.2635336,0.9997741
4mgd,data/CASF-2016/coreset/4mgd/4mgd_ligand.sdf,data/CASF-2016/coreset/4mgd/4mgd_protein.pdb,4.69,179,6.685603,0.99913996
4ogj,data/CASF-2016/coreset/4ogj/4ogj_ligand.sdf,data/CASF-2016/coreset/4ogj/4ogj_protein.pdb,6.79,180,6.692495,0.999993
4pcs,data/CASF-2016/coreset/4pcs/4pcs_ligand.sdf,data/CASF-2016/coreset/4pcs/4pcs_protein.pdb,7.85,181,6.953738,0.999975
4qac,data/CASF-2016/coreset/4qac/4qac_ligand.sdf,data/CASF-2016/coreset/4qac/4qac_protein.pdb,9.4,182,8.295534,0.9999978
4qd6,data/CASF-2016/coreset/4qd6/4qd6_ligand.sdf,data/CASF-2016/coreset/4qd6/4qd6_protein.pdb,8.64,183,6.764209,0.99996614
4rfm,data/CASF-2016/coreset/4rfm/4rfm_ligand.sdf,data/CASF-2016/coreset/4rfm/4rfm_protein.pdb,10.05,184,8.289446,0.99999285
4twp,data/CASF-2016/coreset/4twp/4twp_ligand.sdf,data/CASF-2016/coreset/4twp/4twp_protein.pdb,10.0,185,8.137347,0.99995345
4ty7,data/CASF-2016/coreset/4ty7/4ty7_ligand.sdf,data/CASF-2016/coreset/4ty7/4ty7_protein.pdb,9.52,186,7.697624,0.999965
4u4s,data/CASF-2016/coreset/4u4s/4u4s_ligand.sdf,data/CASF-2016/coreset/4u4s/4u4s_protein.pdb,2.92,187,4.5588064,0.99406797
4w9c,data/CASF-2016/coreset/4w9c/4w9c_ligand.sdf,data/CASF-2016/coreset/4w9c/4w9c_protein.pdb,4.65,188,4.85967,0.9316
4w9h,data/CASF-2016/coreset/4w9h/4w9h_ligand.sdf,data/CASF-2016/coreset/4w9h/4w9h_protein.pdb,6.73,189,6.140009,0.9999695
4w9i,data/CASF-2016/coreset/4w9i/4w9i_ligand.sdf,data/CASF-2016/coreset/4w9i/4w9i_protein.pdb,5.96,190,6.052527,0.99995136
4w9l,data/CASF-2016/coreset/4w9l/4w9l_ligand.sdf,data/CASF-2016/coreset/4w9l/4w9l_protein.pdb,5.02,191,6.4110794,0.9999925
4wiv,data/CASF-2016/coreset/4wiv/4wiv_ligand.sdf,data/CASF-2016/coreset/4wiv/4wiv_protein.pdb,6.26,192,6.93534,0.9999921
4x6p,data/CASF-2016/coreset/4x6p/4x6p_ligand.sdf,data/CASF-2016/coreset/4x6p/4x6p_protein.pdb,8.3,193,8.035364,0.99999416
5a7b,data/CASF-2016/coreset/5a7b/5a7b_ligand.sdf,data/CASF-2016/coreset/5a7b/5a7b_protein.pdb,3.57,194,5.800377,0.9933773
5aba,data/CASF-2016/coreset/5aba/5aba_ligand.sdf,data/CASF-2016/coreset/5aba/5aba_protein.pdb,2.98,195,5.283308,0.83984864
5c28,data/CASF-2016/coreset/5c28/5c28_ligand.sdf,data/CASF-2016/coreset/5c28/5c28_protein.pdb,5.66,196,5.364905,0.99972373
5c2h,data/CASF-2016/coreset/5c2h/5c2h_ligand.sdf,data/CASF-2016/coreset/5c2h/5c2h_protein.pdb,11.09,197,9.476893,0.99999857
5dwr,data/CASF-2016/coreset/5dwr/5dwr_ligand.sdf,data/CASF-2016/coreset/5dwr/5dwr_protein.pdb,11.22,198,8.992636,0.99998456
