unique_id,sdf_file,pdb_file,pk,graph_id,final_pred_pKd,final_bind_prob
4lgh,data/pdbbind/general-set/4lgh/4lgh_ligand.sdf,data/clashes/4lgh/4lgh_protein_cleaned.pdb,8.7,0,6.904292,0.9998768
1hk1,data/pdbbind/general-set/1hk1/1hk1_ligand.sdf,data/clashes/1hk1/1hk1_protein_cleaned.pdb,5.64,1,6.5581284,0.9996513
1fzq,data/pdbbind/refined-set/1fzq/1fzq_ligand.sdf,data/clashes/1fzq/1fzq_protein_cleaned.pdb,7.62,2,6.3552785,0.99999416
1y3w,data/pdbbind/general-set/1y3w/1y3w_ligand.sdf,data/clashes/1y3w/1y3w_protein_cleaned.pdb,5.77,3,5.9435306,0.99999475
5lt9,data/pdbbind/general-set/5lt9/5lt9_ligand.sdf,data/clashes/5lt9/5lt9_protein_cleaned.pdb,4.19,4,4.3343515,0.9363841
4ymx,data/pdbbind/refined-set/4ymx/4ymx_ligand.sdf,data/clashes/4ymx/4ymx_protein_cleaned.pdb,7.1,5,5.2194343,0.91830176
1laf,data/pdbbind/refined-set/1laf/1laf_ligand.sdf,data/clashes/1laf/1laf_protein_cleaned.pdb,7.85,6,5.99562,0.99960387
2aow,data/pdbbind/general-set/2aow/2aow_ligand.sdf,data/clashes/2aow/2aow_protein_cleaned.pdb,7.42,7,6.270062,0.9999259
2uy4,data/pdbbind/refined-set/2uy4/2uy4_ligand.sdf,data/clashes/2uy4/2uy4_protein_cleaned.pdb,4.68,8,5.0358734,0.84643877
2x97,data/pdbbind/refined-set/2x97/2x97_ligand.sdf,data/clashes/2x97/2x97_protein_cleaned.pdb,5.66,9,6.6296844,0.99996805
2uzj,data/pdbbind/general-set/2uzj/2uzj_ligand.sdf,data/clashes/2uzj/2uzj_protein_cleaned.pdb,4.57,10,6.8092413,0.9999401
1npz,data/pdbbind/general-set/1npz/1npz_ligand.sdf,data/clashes/1npz/1npz_protein_cleaned.pdb,7.89,11,8.042344,0.9999913
2v95,data/pdbbind/refined-set/2v95/2v95_ligand.sdf,data/clashes/2v95/2v95_protein_cleaned.pdb,8.3,12,6.3828135,0.99978095
1ik4,data/pdbbind/refined-set/1ik4/1ik4_ligand.sdf,data/clashes/1ik4/1ik4_protein_cleaned.pdb,7.41,13,6.338249,0.99900854
4o71,data/pdbbind/general-set/4o71/4o71_ligand.sdf,data/clashes/4o71/4o71_protein_cleaned.pdb,4.74,14,5.844553,0.99329007
4d1y,data/pdbbind/general-set/4d1y/4d1y_ligand.sdf,data/clashes/4d1y/4d1y_protein_cleaned.pdb,7.13,15,5.312224,0.85644215
6f9g,data/pdbbind/refined-set/6f9g/6f9g_ligand.sdf,data/clashes/6f9g/6f9g_protein_cleaned.pdb,5.7,16,7.22799,0.9965106
1ryf,data/pdbbind/general-set/1ryf/1ryf_ligand.sdf,data/clashes/1ryf/1ryf_protein_cleaned.pdb,8.8,17,7.243084,0.99999267
5vcx,data/pdbbind/general-set/5vcx/5vcx_ligand.sdf,data/clashes/5vcx/5vcx_protein_cleaned.pdb,5.55,18,7.5256605,0.9999591
1lf9,data/pdbbind/general-set/1lf9/1lf9_ligand.sdf,data/clashes/1lf9/1lf9_protein_cleaned.pdb,12.0,19,8.814833,0.99999124
6mdq,data/pdbbind/general-set/6mdq/6mdq_ligand.sdf,data/clashes/6mdq/6mdq_protein_cleaned.pdb,3.44,20,5.9427805,0.9998153
3gzn,data/pdbbind/general-set/3gzn/3gzn_ligand.sdf,data/clashes/3gzn/3gzn_protein_cleaned.pdb,8.0,21,6.833824,0.9660697
6hvs,data/pdbbind/general-set/6hvs/6hvs_ligand.sdf,data/clashes/6hvs/6hvs_protein_cleaned.pdb,5.23,22,6.6933465,0.9998129
1gah,data/pdbbind/general-set/1gah/1gah_ligand.sdf,data/clashes/1gah/1gah_protein_cleaned.pdb,12.0,23,10.06216,0.99999714
6g34,data/pdbbind/refined-set/6g34/6g34_ligand.sdf,data/clashes/6g34/6g34_protein_cleaned.pdb,8.24,24,7.7578483,0.9999956
6awo,data/pdbbind/general-set/6awo/6awo_ligand.sdf,data/clashes/6awo/6awo_protein_cleaned.pdb,8.7,25,5.587048,0.98774874
1mto,data/pdbbind/general-set/1mto/1mto_ligand.sdf,data/clashes/1mto/1mto_protein_cleaned.pdb,6.96,26,3.968251,0.45231754
1mai,data/pdbbind/refined-set/1mai/1mai_ligand.sdf,data/clashes/1mai/1mai_protein_cleaned.pdb,6.68,27,4.4603076,0.7127124
4l23,data/pdbbind/general-set/4l23/4l23_ligand.sdf,data/clashes/4l23/4l23_protein_cleaned.pdb,7.75,28,7.2162237,0.9999744
2zq0,data/pdbbind/refined-set/2zq0/2zq0_ligand.sdf,data/clashes/2zq0/2zq0_protein_cleaned.pdb,6.82,29,6.812606,0.99997646
3w37,data/pdbbind/refined-set/3w37/3w37_ligand.sdf,data/clashes/3w37/3w37_protein_cleaned.pdb,5.18,30,6.0719657,0.9999541
1qpe,data/pdbbind/general-set/1qpe/1qpe_ligand.sdf,data/clashes/1qpe/1qpe_protein_cleaned.pdb,7.7,31,7.06494,0.9999544
6h75,data/pdbbind/general-set/6h75/6h75_ligand.sdf,data/clashes/6h75/6h75_protein_cleaned.pdb,4.38,32,4.7292824,0.8667283
2xxt,data/pdbbind/refined-set/2xxt/2xxt_ligand.sdf,data/clashes/2xxt/2xxt_protein_cleaned.pdb,8.05,33,5.63149,0.99959946
6g33,data/pdbbind/general-set/6g33/6g33_ligand.sdf,data/clashes/6g33/6g33_protein_cleaned.pdb,8.15,34,7.391247,0.99999654
3unk,data/pdbbind/general-set/3unk/3unk_ligand.sdf,data/clashes/3unk/3unk_protein_cleaned.pdb,4.82,35,6.771685,0.99998236
4s2i,data/pdbbind/general-set/4s2i/4s2i_ligand.sdf,data/clashes/4s2i/4s2i_protein_cleaned.pdb,9.0,36,7.206125,0.9991886
1xk9,data/pdbbind/refined-set/1xk9/1xk9_ligand.sdf,data/clashes/1xk9/1xk9_protein_cleaned.pdb,6.85,37,6.024016,0.99967015
3mn8,data/pdbbind/general-set/3mn8/3mn8_ligand.sdf,data/clashes/3mn8/3mn8_protein_cleaned.pdb,6.17,38,5.16759,0.993629
2vxa,data/pdbbind/general-set/2vxa/2vxa_ligand.sdf,data/clashes/2vxa/2vxa_protein_cleaned.pdb,5.6,39,5.8113813,0.9818549
6f34,data/pdbbind/general-set/6f34/6f34_ligand.sdf,data/clashes/6f34/6f34_protein_cleaned.pdb,4.94,40,5.255906,0.99228793
3uo5,data/pdbbind/general-set/3uo5/3uo5_ligand.sdf,data/clashes/3uo5/3uo5_protein_cleaned.pdb,7.41,41,6.8428636,0.99986136
2q80,data/pdbbind/general-set/2q80/2q80_ligand.sdf,data/clashes/2q80/2q80_protein_cleaned.pdb,4.6,42,5.6680117,0.91005707
5ktx,data/pdbbind/general-set/5ktx/5ktx_ligand.sdf,data/clashes/5ktx/5ktx_protein_cleaned.pdb,7.7,43,7.5078354,0.9999665
4bzr,data/pdbbind/general-set/4bzr/4bzr_ligand.sdf,data/clashes/4bzr/4bzr_protein_cleaned.pdb,7.6,44,5.779898,0.9991126
6nwl,data/pdbbind/refined-set/6nwl/6nwl_ligand.sdf,data/clashes/6nwl/6nwl_protein_cleaned.pdb,7.37,45,8.056417,0.9999863
6f6n,data/pdbbind/general-set/6f6n/6f6n_ligand.sdf,data/clashes/6f6n/6f6n_protein_cleaned.pdb,3.02,46,5.272902,0.89504355
4uiv,data/pdbbind/general-set/4uiv/4uiv_ligand.sdf,data/clashes/4uiv/4uiv_protein_cleaned.pdb,7.8,47,7.1796784,0.99999315
1u2r,data/pdbbind/general-set/1u2r/1u2r_ligand.sdf,data/clashes/1u2r/1u2r_protein_cleaned.pdb,5.41,48,6.1486764,0.9999896
5lj0,data/pdbbind/general-set/5lj0/5lj0_ligand.sdf,data/clashes/5lj0/5lj0_protein_cleaned.pdb,8.0,49,6.6652822,0.99997807
1mx1,data/pdbbind/general-set/1mx1/1mx1_ligand.sdf,data/clashes/1mx1/1mx1_protein_cleaned.pdb,4.0,50,6.001893,0.9975864
4tmk,data/pdbbind/refined-set/4tmk/4tmk_ligand.sdf,data/clashes/4tmk/4tmk_protein_cleaned.pdb,7.7,51,5.697795,0.9961891
3zy2,data/pdbbind/general-set/3zy2/3zy2_ligand.sdf,data/clashes/3zy2/3zy2_protein_cleaned.pdb,6.46,52,6.375244,0.99994516
2l75,data/pdbbind/general-set/2l75/2l75_ligand.sdf,data/clashes/2l75/2l75_protein_cleaned.pdb,6.05,53,5.380925,0.98072946
2y7i,data/pdbbind/refined-set/2y7i/2y7i_ligand.sdf,data/clashes/2y7i/2y7i_protein_cleaned.pdb,5.54,54,5.503299,0.97382134
1h0a,data/pdbbind/refined-set/1h0a/1h0a_ligand.sdf,data/clashes/1h0a/1h0a_protein_cleaned.pdb,5.44,55,4.430815,0.6002494
1acj,data/pdbbind/general-set/1acj/1acj_ligand.sdf,data/clashes/1acj/1acj_protein_cleaned.pdb,8.09,56,7.5353103,0.9999463
1tl9,data/pdbbind/general-set/1tl9/1tl9_ligand.sdf,data/clashes/1tl9/1tl9_protein_cleaned.pdb,5.52,57,7.673368,0.9999925
3gwu,data/pdbbind/general-set/3gwu/3gwu_ligand.sdf,data/clashes/3gwu/3gwu_protein_cleaned.pdb,4.71,58,5.0619726,0.92477816
5umx,data/pdbbind/refined-set/5umx/5umx_ligand.sdf,data/clashes/5umx/5umx_protein_cleaned.pdb,5.96,59,6.1461287,0.99917966
2qwd,data/pdbbind/refined-set/2qwd/2qwd_ligand.sdf,data/clashes/2qwd/2qwd_protein_cleaned.pdb,4.85,60,4.8423815,0.70201045
6mj7,data/pdbbind/refined-set/6mj7/6mj7_ligand.sdf,data/clashes/6mj7/6mj7_protein_cleaned.pdb,2.82,61,3.5839577,0.288053
5hjq,data/pdbbind/refined-set/5hjq/5hjq_ligand.sdf,data/clashes/5hjq/5hjq_protein_cleaned.pdb,4.72,62,4.1258926,0.5901532
6ela,data/pdbbind/general-set/6ela/6ela_ligand.sdf,data/clashes/6ela/6ela_protein_cleaned.pdb,7.59,63,7.930701,0.9999963
4uxh,data/pdbbind/general-set/4uxh/4uxh_ligand.sdf,data/clashes/4uxh/4uxh_protein_cleaned.pdb,5.96,64,5.672495,0.9262543
6d3g,data/pdbbind/general-set/6d3g/6d3g_ligand.sdf,data/clashes/6d3g/6d3g_protein_cleaned.pdb,4.7,65,7.002188,0.9997091
3su5,data/pdbbind/refined-set/3su5/3su5_ligand.sdf,data/clashes/3su5/3su5_protein_cleaned.pdb,5.58,66,6.788855,0.99997616
2zoq,data/pdbbind/general-set/2zoq/2zoq_ligand.sdf,data/clashes/2zoq/2zoq_protein_cleaned.pdb,6.05,67,7.0954285,0.99999684
3hv7,data/pdbbind/general-set/3hv7/3hv7_ligand.sdf,data/clashes/3hv7/3hv7_protein_cleaned.pdb,7.92,68,6.7512918,0.9998559
3sxf,data/pdbbind/refined-set/3sxf/3sxf_ligand.sdf,data/clashes/3sxf/3sxf_protein_cleaned.pdb,8.6,69,8.393751,0.99989665
4tjw,data/pdbbind/general-set/4tjw/4tjw_ligand.sdf,data/clashes/4tjw/4tjw_protein_cleaned.pdb,6.02,70,6.5434065,0.99999464
3sv6,data/pdbbind/general-set/3sv6/3sv6_ligand.sdf,data/clashes/3sv6/3sv6_protein_cleaned.pdb,7.46,71,7.0365458,0.9999588
4uro,data/pdbbind/general-set/4uro/4uro_ligand.sdf,data/clashes/4uro/4uro_protein_cleaned.pdb,8.4,72,7.560907,0.99997747
1btn,data/pdbbind/general-set/1btn/1btn_ligand.sdf,data/clashes/1btn/1btn_protein_cleaned.pdb,4.4,73,4.252025,0.5364078
1trd,data/pdbbind/refined-set/1trd/1trd_ligand.sdf,data/clashes/1trd/1trd_protein_cleaned.pdb,5.4,74,5.7729883,0.9061698
6gu7,data/pdbbind/general-set/6gu7/6gu7_ligand.sdf,data/clashes/6gu7/6gu7_protein_cleaned.pdb,5.81,75,7.450152,0.9999884
2l3r,data/pdbbind/general-set/2l3r/2l3r_ligand.sdf,data/clashes/2l3r/2l3r_protein_cleaned.pdb,4.66,76,6.5669084,0.99999064
1ydb,data/pdbbind/refined-set/1ydb/1ydb_ligand.sdf,data/clashes/1ydb/1ydb_protein_cleaned.pdb,8.24,77,7.3567605,0.99996823
5l6i,data/pdbbind/general-set/5l6i/5l6i_ligand.sdf,data/clashes/5l6i/5l6i_protein_cleaned.pdb,4.35,78,6.1428394,0.976655
6huc,data/pdbbind/general-set/6huc/6huc_ligand.sdf,data/clashes/6huc/6huc_protein_cleaned.pdb,7.59,79,7.1353874,0.99966145
1yda,data/pdbbind/refined-set/1yda/1yda_ligand.sdf,data/clashes/1yda/1yda_protein_cleaned.pdb,6.55,80,7.6514564,0.99991226
6agp,data/pdbbind/general-set/6agp/6agp_ligand.sdf,data/clashes/6agp/6agp_protein_cleaned.pdb,5.05,81,6.7533827,0.99998844
2xxy,data/pdbbind/general-set/2xxy/2xxy_ligand.sdf,data/clashes/2xxy/2xxy_protein_cleaned.pdb,7.89,82,5.7965083,0.99958915
5za2,data/pdbbind/general-set/5za2/5za2_ligand.sdf,data/clashes/5za2/5za2_protein_cleaned.pdb,5.77,83,7.02968,0.9994879
1km3,data/pdbbind/refined-set/1km3/1km3_ligand.sdf,data/clashes/1km3/1km3_protein_cleaned.pdb,4.91,84,5.6987925,0.8705033
1xhy,data/pdbbind/refined-set/1xhy/1xhy_ligand.sdf,data/clashes/1xhy/1xhy_protein_cleaned.pdb,6.18,85,5.565013,0.996589
2zjf,data/pdbbind/general-set/2zjf/2zjf_ligand.sdf,data/clashes/2zjf/2zjf_protein_cleaned.pdb,7.72,86,5.867774,0.999279
4y24,data/pdbbind/general-set/4y24/4y24_ligand.sdf,data/clashes/4y24/4y24_protein_cleaned.pdb,6.66,87,6.6817884,0.9999979
1n4k,data/pdbbind/refined-set/1n4k/1n4k_ligand.sdf,data/clashes/1n4k/1n4k_protein_cleaned.pdb,10.05,88,4.46006,0.62208456
4bjb,data/pdbbind/general-set/4bjb/4bjb_ligand.sdf,data/clashes/4bjb/4bjb_protein_cleaned.pdb,6.66,89,6.11874,0.99999505
1y0x,data/pdbbind/general-set/1y0x/1y0x_ligand.sdf,data/clashes/1y0x/1y0x_protein_cleaned.pdb,8.7,90,8.95381,0.99999934
4urn,data/pdbbind/general-set/4urn/4urn_ligand.sdf,data/clashes/4urn/4urn_protein_cleaned.pdb,4.46,91,7.3407264,0.99998635
2ces,data/pdbbind/refined-set/2ces/2ces_ligand.sdf,data/clashes/2ces/2ces_protein_cleaned.pdb,7.25,92,5.8964643,0.9996029
1tq4,data/pdbbind/refined-set/1tq4/1tq4_ligand.sdf,data/clashes/1tq4/1tq4_protein_cleaned.pdb,6.19,93,6.2328315,0.99995166
3tao,data/pdbbind/refined-set/3tao/3tao_ligand.sdf,data/clashes/3tao/3tao_protein_cleaned.pdb,5.14,94,6.14709,0.9932777
6gu3,data/pdbbind/general-set/6gu3/6gu3_ligand.sdf,data/clashes/6gu3/6gu3_protein_cleaned.pdb,5.36,95,8.219847,0.9999925
1d2e,data/pdbbind/refined-set/1d2e/1d2e_ligand.sdf,data/clashes/1d2e/1d2e_protein_cleaned.pdb,6.0,96,6.556674,0.99999315
1v0o,data/pdbbind/general-set/1v0o/1v0o_ligand.sdf,data/clashes/1v0o/1v0o_protein_cleaned.pdb,5.26,97,7.1805634,0.9999896
4hfp,data/pdbbind/refined-set/4hfp/4hfp_ligand.sdf,data/clashes/4hfp/4hfp_protein_cleaned.pdb,7.38,98,7.0834246,0.99998605
5faq,data/pdbbind/general-set/5faq/5faq_ligand.sdf,data/clashes/5faq/5faq_protein_cleaned.pdb,5.28,99,7.2028227,0.9999881
5umw,data/pdbbind/general-set/5umw/5umw_ligand.sdf,data/clashes/5umw/5umw_protein_cleaned.pdb,4.23,100,5.410497,0.855161
5e89,data/pdbbind/refined-set/5e89/5e89_ligand.sdf,data/clashes/5e89/5e89_protein_cleaned.pdb,7.85,101,7.171479,0.9999963
4uiy,data/pdbbind/general-set/4uiy/4uiy_ligand.sdf,data/clashes/4uiy/4uiy_protein_cleaned.pdb,5.6,102,6.131345,0.99997026
3uqf,data/pdbbind/general-set/3uqf/3uqf_ligand.sdf,data/clashes/3uqf/3uqf_protein_cleaned.pdb,4.7,103,6.8546934,0.99991435
3bwk,data/pdbbind/general-set/3bwk/3bwk_ligand.sdf,data/clashes/3bwk/3bwk_protein_cleaned.pdb,3.94,104,8.235901,0.9999894
1a99,data/pdbbind/refined-set/1a99/1a99_ligand.sdf,data/clashes/1a99/1a99_protein_cleaned.pdb,5.7,105,8.445486,0.88281167
4rn6,data/pdbbind/general-set/4rn6/4rn6_ligand.sdf,data/clashes/4rn6/4rn6_protein_cleaned.pdb,5.1,106,6.5695105,0.9997452
1dar,data/pdbbind/refined-set/1dar/1dar_ligand.sdf,data/clashes/1dar/1dar_protein_cleaned.pdb,4.96,107,6.3183365,0.9999897
3e81,data/pdbbind/general-set/3e81/3e81_ligand.sdf,data/clashes/3e81/3e81_protein_cleaned.pdb,1.43,108,3.2116642,0.033604868
1g1e,data/pdbbind/general-set/1g1e/1g1e_ligand.sdf,data/clashes/1g1e/1g1e_protein_cleaned.pdb,7.54,109,5.1788263,0.8166812
5l44,data/pdbbind/general-set/5l44/5l44_ligand.sdf,data/clashes/5l44/5l44_protein_cleaned.pdb,4.4,110,5.4846187,0.9925602
3ucj,data/pdbbind/refined-set/3ucj/3ucj_ligand.sdf,data/clashes/3ucj/3ucj_protein_cleaned.pdb,6.0,111,6.5579286,0.99336755
4few,data/pdbbind/refined-set/4few/4few_ligand.sdf,data/clashes/4few/4few_protein_cleaned.pdb,5.21,112,5.82268,0.9929573
3b50,data/pdbbind/refined-set/3b50/3b50_ligand.sdf,data/clashes/3b50/3b50_protein_cleaned.pdb,7.55,113,4.7972145,0.8335
4o2b,data/pdbbind/refined-set/4o2b/4o2b_ligand.sdf,data/clashes/4o2b/4o2b_protein_cleaned.pdb,5.74,114,5.5990157,0.9998702
3gvu,data/pdbbind/refined-set/3gvu/3gvu_ligand.sdf,data/clashes/3gvu/3gvu_protein_cleaned.pdb,8.0,115,6.34296,0.9999865
4wmc,data/pdbbind/general-set/4wmc/4wmc_ligand.sdf,data/clashes/4wmc/4wmc_protein_cleaned.pdb,8.05,116,6.848241,0.99975586
1zsb,data/pdbbind/general-set/1zsb/1zsb_ligand.sdf,data/clashes/1zsb/1zsb_protein_cleaned.pdb,0.6,117,7.791617,0.9999771
1xbb,data/pdbbind/general-set/1xbb/1xbb_ligand.sdf,data/clashes/1xbb/1xbb_protein_cleaned.pdb,5.3,118,5.6772776,0.99988735
1mrn,data/pdbbind/refined-set/1mrn/1mrn_ligand.sdf,data/clashes/1mrn/1mrn_protein_cleaned.pdb,4.52,119,5.3346047,0.99711025
6c67,data/pdbbind/general-set/6c67/6c67_ligand.sdf,data/clashes/6c67/6c67_protein_cleaned.pdb,5.92,120,6.8071327,0.9999935
6q5b,data/pdbbind/general-set/6q5b/6q5b_ligand.sdf,data/clashes/6q5b/6q5b_protein_cleaned.pdb,5.89,121,6.8041983,0.9998499
2vc9,data/pdbbind/refined-set/2vc9/2vc9_ligand.sdf,data/clashes/2vc9/2vc9_protein_cleaned.pdb,8.44,122,4.7950487,0.9433091
3tmk,data/pdbbind/refined-set/3tmk/3tmk_ligand.sdf,data/clashes/3tmk/3tmk_protein_cleaned.pdb,6.87,123,5.0705447,0.8780165
3jzj,data/pdbbind/refined-set/3jzj/3jzj_ligand.sdf,data/clashes/3jzj/3jzj_protein_cleaned.pdb,3.61,124,5.938659,0.9998517
4zs2,data/pdbbind/general-set/4zs2/4zs2_ligand.sdf,data/clashes/4zs2/4zs2_protein_cleaned.pdb,5.49,125,5.931745,0.9998229
3gpe,data/pdbbind/general-set/3gpe/3gpe_ligand.sdf,data/clashes/3gpe/3gpe_protein_cleaned.pdb,5.74,126,3.408944,0.5307177
4re3,data/pdbbind/general-set/4re3/4re3_ligand.sdf,data/clashes/4re3/4re3_protein_cleaned.pdb,8.57,127,4.9883914,0.8353834
1drk,data/pdbbind/refined-set/1drk/1drk_ligand.sdf,data/clashes/1drk/1drk_protein_cleaned.pdb,6.82,128,6.77204,0.9975146
1ogd,data/pdbbind/refined-set/1ogd/1ogd_ligand.sdf,data/clashes/1ogd/1ogd_protein_cleaned.pdb,3.03,129,5.2033424,0.81022394
1iep,data/pdbbind/general-set/1iep/1iep_ligand.sdf,data/clashes/1iep/1iep_protein_cleaned.pdb,7.0,130,6.5010056,0.9999841
2wf5,data/pdbbind/refined-set/2wf5/2wf5_ligand.sdf,data/clashes/2wf5/2wf5_protein_cleaned.pdb,6.0,131,4.109661,0.48459727
1s5q,data/pdbbind/general-set/1s5q/1s5q_ligand.sdf,data/clashes/1s5q/1s5q_protein_cleaned.pdb,5.28,132,5.821337,0.99501675
3blr,data/pdbbind/general-set/3blr/3blr_ligand.sdf,data/clashes/3blr/3blr_protein_cleaned.pdb,8.19,133,6.868289,0.9999131
5ku3,data/pdbbind/general-set/5ku3/5ku3_ligand.sdf,data/clashes/5ku3/5ku3_protein_cleaned.pdb,4.89,134,7.120759,0.99996156
4bzs,data/pdbbind/general-set/4bzs/4bzs_ligand.sdf,data/clashes/4bzs/4bzs_protein_cleaned.pdb,7.12,135,5.858058,0.9996768
3suv,data/pdbbind/refined-set/3suv/3suv_ligand.sdf,data/clashes/3suv/3suv_protein_cleaned.pdb,4.55,136,5.039336,0.9798012
4r74,data/pdbbind/refined-set/4r74/4r74_ligand.sdf,data/clashes/4r74/4r74_protein_cleaned.pdb,8.1,137,5.1269865,0.9489827
5nkn,data/pdbbind/general-set/5nkn/5nkn_ligand.sdf,data/clashes/5nkn/5nkn_protein_cleaned.pdb,9.92,138,6.1547365,0.9999841
3gdt,data/pdbbind/refined-set/3gdt/3gdt_ligand.sdf,data/clashes/3gdt/3gdt_protein_cleaned.pdb,7.19,139,5.1496477,0.9569389
5gs9,data/pdbbind/refined-set/5gs9/5gs9_ligand.sdf,data/clashes/5gs9/5gs9_protein_cleaned.pdb,5.26,140,4.550248,0.89849913
6ml9,data/pdbbind/refined-set/6ml9/6ml9_ligand.sdf,data/clashes/6ml9/6ml9_protein_cleaned.pdb,5.3,141,5.9182854,0.99928457
4bkj,data/pdbbind/general-set/4bkj/4bkj_ligand.sdf,data/clashes/4bkj/4bkj_protein_cleaned.pdb,8.72,142,6.0916634,0.9998678
1y3v,data/pdbbind/refined-set/1y3v/1y3v_ligand.sdf,data/clashes/1y3v/1y3v_protein_cleaned.pdb,5.64,143,5.968644,0.999992
3f3t,data/pdbbind/general-set/3f3t/3f3t_ligand.sdf,data/clashes/3f3t/3f3t_protein_cleaned.pdb,4.59,144,5.5874004,0.9994049
3gy2,data/pdbbind/refined-set/3gy2/3gy2_ligand.sdf,data/clashes/3gy2/3gy2_protein_cleaned.pdb,5.74,145,5.37819,0.9992374
3d67,data/pdbbind/general-set/3d67/3d67_ligand.sdf,data/clashes/3d67/3d67_protein_cleaned.pdb,4.96,146,5.2297354,0.88573056
5fao,data/pdbbind/general-set/5fao/5fao_ligand.sdf,data/clashes/5fao/5fao_protein_cleaned.pdb,7.96,147,7.0434165,0.99996346
3n9s,data/pdbbind/refined-set/3n9s/3n9s_ligand.sdf,data/clashes/3n9s/3n9s_protein_cleaned.pdb,5.26,148,7.4867964,0.9999992
2rox,data/pdbbind/general-set/2rox/2rox_ligand.sdf,data/clashes/2rox/2rox_protein_cleaned.pdb,4.98,149,5.813956,0.93220395
5if6,data/pdbbind/general-set/5if6/5if6_ligand.sdf,data/clashes/5if6/5if6_protein_cleaned.pdb,7.23,150,6.3417816,0.99982387
2p0d,data/pdbbind/general-set/2p0d/2p0d_ligand.sdf,data/clashes/2p0d/2p0d_protein_cleaned.pdb,7.0,151,4.0970984,0.6704592
4zla,data/pdbbind/general-set/4zla/4zla_ligand.sdf,data/clashes/4zla/4zla_protein_cleaned.pdb,7.3,152,6.7585764,0.99991244
3unj,data/pdbbind/general-set/3unj/3unj_ligand.sdf,data/clashes/3unj/3unj_protein_cleaned.pdb,4.96,153,6.3669677,0.99998266
6iot,data/pdbbind/general-set/6iot/6iot_ligand.sdf,data/clashes/6iot/6iot_protein_cleaned.pdb,5.24,154,4.392511,0.78016186
2ceo,data/pdbbind/general-set/2ceo/2ceo_ligand.sdf,data/clashes/2ceo/2ceo_protein_cleaned.pdb,10.0,155,6.8215866,0.999987
3sv7,data/pdbbind/general-set/3sv7/3sv7_ligand.sdf,data/clashes/3sv7/3sv7_protein_cleaned.pdb,6.08,156,6.8674726,0.99995744
2zv9,data/pdbbind/general-set/2zv9/2zv9_ligand.sdf,data/clashes/2zv9/2zv9_protein_cleaned.pdb,8.05,157,6.6795044,0.9999728
3nee,data/pdbbind/refined-set/3nee/3nee_ligand.sdf,data/clashes/3nee/3nee_protein_cleaned.pdb,5.34,158,6.7228537,0.9999294
1hkk,data/pdbbind/general-set/1hkk/1hkk_ligand.sdf,data/clashes/1hkk/1hkk_protein_cleaned.pdb,7.4,159,7.194766,0.9999962
2h8h,data/pdbbind/general-set/2h8h/2h8h_ligand.sdf,data/clashes/2h8h/2h8h_protein_cleaned.pdb,8.57,160,7.4859405,0.99997723
4zx6,data/pdbbind/general-set/4zx6/4zx6_ligand.sdf,data/clashes/4zx6/4zx6_protein_cleaned.pdb,5.27,161,6.261944,0.9974756
1kyv,data/pdbbind/refined-set/1kyv/1kyv_ligand.sdf,data/clashes/1kyv/1kyv_protein_cleaned.pdb,5.92,162,6.6848383,0.99991834
4d8e,data/pdbbind/general-set/4d8e/4d8e_ligand.sdf,data/clashes/4d8e/4d8e_protein_cleaned.pdb,7.01,163,6.71006,0.9999442
3ml5,data/pdbbind/refined-set/3ml5/3ml5_ligand.sdf,data/clashes/3ml5/3ml5_protein_cleaned.pdb,8.52,164,7.727652,0.9999858
4fkk,data/pdbbind/general-set/4fkk/4fkk_ligand.sdf,data/clashes/4fkk/4fkk_protein_cleaned.pdb,9.3,165,5.9771905,0.9964839
1hs6,data/pdbbind/general-set/1hs6/1hs6_ligand.sdf,data/clashes/1hs6/1hs6_protein_cleaned.pdb,5.38,166,6.3062515,0.9995983
1aj6,data/pdbbind/general-set/1aj6/1aj6_ligand.sdf,data/clashes/1aj6/1aj6_protein_cleaned.pdb,5.92,167,7.111534,0.99998873
6mln,data/pdbbind/refined-set/6mln/6mln_ligand.sdf,data/clashes/6mln/6mln_protein_cleaned.pdb,7.54,168,5.986869,0.9995364
4yhp,data/pdbbind/general-set/4yhp/4yhp_ligand.sdf,data/clashes/4yhp/4yhp_protein_cleaned.pdb,8.7,169,5.147018,0.85049313
1tpw,data/pdbbind/refined-set/1tpw/1tpw_ligand.sdf,data/clashes/1tpw/1tpw_protein_cleaned.pdb,3.3,170,6.090633,0.9040078
6gue,data/pdbbind/refined-set/6gue/6gue_ligand.sdf,data/clashes/6gue/6gue_protein_cleaned.pdb,8.4,171,8.299848,0.9999932
6guh,data/pdbbind/refined-set/6guh/6guh_ligand.sdf,data/clashes/6guh/6guh_protein_cleaned.pdb,7.59,172,8.383707,0.99998933
4zv1,data/pdbbind/refined-set/4zv1/4zv1_ligand.sdf,data/clashes/4zv1/4zv1_protein_cleaned.pdb,5.24,173,5.5850587,0.87712336
6ggv,data/pdbbind/general-set/6ggv/6ggv_ligand.sdf,data/clashes/6ggv/6ggv_protein_cleaned.pdb,7.54,174,5.95364,0.9959332
5vd3,data/pdbbind/refined-set/5vd3/5vd3_ligand.sdf,data/clashes/5vd3/5vd3_protein_cleaned.pdb,5.55,175,7.594036,0.9999765
1ogg,data/pdbbind/refined-set/1ogg/1ogg_ligand.sdf,data/clashes/1ogg/1ogg_protein_cleaned.pdb,5.19,176,6.431955,0.9999827
3s3q,data/pdbbind/general-set/3s3q/3s3q_ligand.sdf,data/clashes/3s3q/3s3q_protein_cleaned.pdb,8.77,177,7.8887277,0.99998933
4fab,data/pdbbind/general-set/4fab/4fab_ligand.sdf,data/clashes/4fab/4fab_protein_cleaned.pdb,8.06,178,6.279217,0.9999644
2ceq,data/pdbbind/refined-set/2ceq/2ceq_ligand.sdf,data/clashes/2ceq/2ceq_protein_cleaned.pdb,7.28,179,6.1088343,0.9998782
4a22,data/pdbbind/general-set/4a22/4a22_ligand.sdf,data/clashes/4a22/4a22_protein_cleaned.pdb,8.49,180,7.288442,0.99999106
1wok,data/pdbbind/general-set/1wok/1wok_ligand.sdf,data/clashes/1wok/1wok_protein_cleaned.pdb,7.48,181,7.655442,0.9999787
1x8t,data/pdbbind/refined-set/1x8t/1x8t_ligand.sdf,data/clashes/1x8t/1x8t_protein_cleaned.pdb,7.8,182,6.2135267,0.9999301
6mkq,data/pdbbind/general-set/6mkq/6mkq_ligand.sdf,data/clashes/6mkq/6mkq_protein_cleaned.pdb,6.16,183,7.044524,0.99995345
1h8l,data/pdbbind/general-set/1h8l/1h8l_ligand.sdf,data/clashes/1h8l/1h8l_protein_cleaned.pdb,7.47,184,5.435866,0.9912032
3c9e,data/pdbbind/general-set/3c9e/3c9e_ligand.sdf,data/clashes/3c9e/3c9e_protein_cleaned.pdb,8.0,185,7.212004,0.9999916
3bxg,data/pdbbind/refined-set/3bxg/3bxg_ligand.sdf,data/clashes/3bxg/3bxg_protein_cleaned.pdb,4.96,186,4.904097,0.83004427
3n1c,data/pdbbind/refined-set/3n1c/3n1c_ligand.sdf,data/clashes/3n1c/3n1c_protein_cleaned.pdb,5.22,187,4.309904,0.602326
2ccb,data/pdbbind/refined-set/2ccb/2ccb_ligand.sdf,data/clashes/2ccb/2ccb_protein_cleaned.pdb,7.45,188,6.609136,0.99990237
3ebh,data/pdbbind/refined-set/3ebh/3ebh_ligand.sdf,data/clashes/3ebh/3ebh_protein_cleaned.pdb,6.32,189,6.564496,0.99985874
1pop,data/pdbbind/general-set/1pop/1pop_ligand.sdf,data/clashes/1pop/1pop_protein_cleaned.pdb,9.0,190,7.009136,0.9999922
3su4,data/pdbbind/refined-set/3su4/3su4_ligand.sdf,data/clashes/3su4/3su4_protein_cleaned.pdb,6.26,191,6.711286,0.99999046
4zyq,data/pdbbind/general-set/4zyq/4zyq_ligand.sdf,data/clashes/4zyq/4zyq_protein_cleaned.pdb,8.01,192,7.0795455,0.9999815
3ttm,data/pdbbind/refined-set/3ttm/3ttm_ligand.sdf,data/clashes/3ttm/3ttm_protein_cleaned.pdb,8.52,193,8.032422,0.95315915
1i37,data/pdbbind/refined-set/1i37/1i37_ligand.sdf,data/clashes/1i37/1i37_protein_cleaned.pdb,9.57,194,8.595596,0.9999958
1tpz,data/pdbbind/general-set/1tpz/1tpz_ligand.sdf,data/clashes/1tpz/1tpz_protein_cleaned.pdb,6.19,195,6.110448,0.9998504
5z99,data/pdbbind/refined-set/5z99/5z99_ligand.sdf,data/clashes/5z99/5z99_protein_cleaned.pdb,6.88,196,5.3526273,0.94705355
1t46,data/pdbbind/general-set/1t46/1t46_ligand.sdf,data/clashes/1t46/1t46_protein_cleaned.pdb,6.43,197,6.0359755,0.9998559
4mnp,data/pdbbind/refined-set/4mnp/4mnp_ligand.sdf,data/clashes/4mnp/4mnp_protein_cleaned.pdb,7.34,198,4.1215997,0.50749457
6esm,data/pdbbind/general-set/6esm/6esm_ligand.sdf,data/clashes/6esm/6esm_protein_cleaned.pdb,5.53,199,7.7250013,0.99999654
6ftp,data/pdbbind/refined-set/6ftp/6ftp_ligand.sdf,data/clashes/6ftp/6ftp_protein_cleaned.pdb,5.82,200,6.5517464,0.9966577
5lj1,data/pdbbind/general-set/5lj1/5lj1_ligand.sdf,data/clashes/5lj1/5lj1_protein_cleaned.pdb,4.5,201,6.0605145,0.9999962
2pl0,data/pdbbind/general-set/2pl0/2pl0_ligand.sdf,data/clashes/2pl0/2pl0_protein_cleaned.pdb,7.21,202,5.85773,0.9999159
3hs4,data/pdbbind/refined-set/3hs4/3hs4_ligand.sdf,data/clashes/3hs4/3hs4_protein_cleaned.pdb,8.0,203,7.7823205,0.9999752
3dkg,data/pdbbind/general-set/3dkg/3dkg_ligand.sdf,data/clashes/3dkg/3dkg_protein_cleaned.pdb,5.0,204,6.8481154,0.9999735
5h9p,data/pdbbind/general-set/5h9p/5h9p_ligand.sdf,data/clashes/5h9p/5h9p_protein_cleaned.pdb,7.17,205,7.1554003,0.9999965
6h76,data/pdbbind/general-set/6h76/6h76_ligand.sdf,data/clashes/6h76/6h76_protein_cleaned.pdb,7.52,206,4.7157173,0.82883847
1w2x,data/pdbbind/general-set/1w2x/1w2x_ligand.sdf,data/clashes/1w2x/1w2x_protein_cleaned.pdb,5.14,207,6.122611,0.9999126
6g9f,data/pdbbind/general-set/6g9f/6g9f_ligand.sdf,data/clashes/6g9f/6g9f_protein_cleaned.pdb,6.23,208,6.9250793,0.9988798
4mm5,data/pdbbind/general-set/4mm5/4mm5_ligand.sdf,data/clashes/4mm5/4mm5_protein_cleaned.pdb,7.74,209,5.7783346,0.99697924
4kxb,data/pdbbind/refined-set/4kxb/4kxb_ligand.sdf,data/clashes/4kxb/4kxb_protein_cleaned.pdb,4.12,210,6.641959,0.99986494
6mle,data/pdbbind/refined-set/6mle/6mle_ligand.sdf,data/clashes/6mle/6mle_protein_cleaned.pdb,9.0,211,6.2645426,0.9998905
1hk4,data/pdbbind/refined-set/1hk4/1hk4_ligand.sdf,data/clashes/1hk4/1hk4_protein_cleaned.pdb,5.31,212,6.5985823,0.99997413
4zzd,data/pdbbind/refined-set/4zzd/4zzd_ligand.sdf,data/clashes/4zzd/4zzd_protein_cleaned.pdb,6.6,213,5.929843,0.9993169
6mla,data/pdbbind/refined-set/6mla/6mla_ligand.sdf,data/clashes/6mla/6mla_protein_cleaned.pdb,4.38,214,5.2232757,0.91484135
4del,data/pdbbind/refined-set/4del/4del_ligand.sdf,data/clashes/4del/4del_protein_cleaned.pdb,7.68,215,6.920747,0.99848396
5ne3,data/pdbbind/general-set/5ne3/5ne3_ligand.sdf,data/clashes/5ne3/5ne3_protein_cleaned.pdb,7.84,216,6.895635,0.99980754
2q2a,data/pdbbind/refined-set/2q2a/2q2a_ligand.sdf,data/clashes/2q2a/2q2a_protein_cleaned.pdb,7.41,217,5.6299877,0.97788507
6g3a,data/pdbbind/refined-set/6g3a/6g3a_ligand.sdf,data/clashes/6g3a/6g3a_protein_cleaned.pdb,8.38,218,7.5964975,0.99999535
5mra,data/pdbbind/general-set/5mra/5mra_ligand.sdf,data/clashes/5mra/5mra_protein_cleaned.pdb,8.0,219,5.164839,0.9203099
1ll4,data/pdbbind/general-set/1ll4/1ll4_ligand.sdf,data/clashes/1ll4/1ll4_protein_cleaned.pdb,7.22,220,6.1143947,0.9999715
2h4n,data/pdbbind/refined-set/2h4n/2h4n_ligand.sdf,data/clashes/2h4n/2h4n_protein_cleaned.pdb,8.7,221,7.802119,0.99996823
3imy,data/pdbbind/general-set/3imy/3imy_ligand.sdf,data/clashes/3imy/3imy_protein_cleaned.pdb,9.7,222,8.653573,0.9999901
3zzh,data/pdbbind/general-set/3zzh/3zzh_ligand.sdf,data/clashes/3zzh/3zzh_protein_cleaned.pdb,3.36,223,3.9132755,0.4513956
6cv8,data/pdbbind/general-set/6cv8/6cv8_ligand.sdf,data/clashes/6cv8/6cv8_protein_cleaned.pdb,3.17,224,2.7550662,0.16720773
4r76,data/pdbbind/refined-set/4r76/4r76_ligand.sdf,data/clashes/4r76/4r76_protein_cleaned.pdb,7.85,225,9.819134,0.9999978
3czv,data/pdbbind/refined-set/3czv/3czv_ligand.sdf,data/clashes/3czv/3czv_protein_cleaned.pdb,7.8,226,7.694165,0.9999825
3rcd,data/pdbbind/general-set/3rcd/3rcd_ligand.sdf,data/clashes/3rcd/3rcd_protein_cleaned.pdb,7.77,227,6.7554994,0.99996346
1e1y,data/pdbbind/general-set/1e1y/1e1y_ligand.sdf,data/clashes/1e1y/1e1y_protein_cleaned.pdb,5.6,228,6.042598,0.99907815
3nes,data/pdbbind/refined-set/3nes/3nes_ligand.sdf,data/clashes/3nes/3nes_protein_cleaned.pdb,5.62,229,6.4968667,0.99976957
2isw,data/pdbbind/refined-set/2isw/2isw_ligand.sdf,data/clashes/2isw/2isw_protein_cleaned.pdb,7.43,230,6.8221297,0.9940041
2qmj,data/pdbbind/general-set/2qmj/2qmj_ligand.sdf,data/clashes/2qmj/2qmj_protein_cleaned.pdb,4.21,231,6.1907244,0.999976
1hk3,data/pdbbind/general-set/1hk3/1hk3_ligand.sdf,data/clashes/1hk3/1hk3_protein_cleaned.pdb,6.59,232,6.4754195,0.9999477
3sv8,data/pdbbind/general-set/3sv8/3sv8_ligand.sdf,data/clashes/3sv8/3sv8_protein_cleaned.pdb,7.91,233,7.0399294,0.9999816
4usj,data/pdbbind/general-set/4usj/4usj_ligand.sdf,data/clashes/4usj/4usj_protein_cleaned.pdb,4.0,234,3.226281,0.15053283
2g83,data/pdbbind/general-set/2g83/2g83_ligand.sdf,data/clashes/2g83/2g83_protein_cleaned.pdb,5.92,235,5.889831,0.99985063
2vx9,data/pdbbind/general-set/2vx9/2vx9_ligand.sdf,data/clashes/2vx9/2vx9_protein_cleaned.pdb,7.44,236,5.9647927,0.99722356
3kdm,data/pdbbind/refined-set/3kdm/3kdm_ligand.sdf,data/clashes/3kdm/3kdm_protein_cleaned.pdb,7.0,237,6.494008,0.99998665
3ff6,data/pdbbind/general-set/3ff6/3ff6_ligand.sdf,data/clashes/3ff6/3ff6_protein_cleaned.pdb,7.15,238,6.204173,0.9999653
2fl5,data/pdbbind/general-set/2fl5/2fl5_ligand.sdf,data/clashes/2fl5/2fl5_protein_cleaned.pdb,8.74,239,6.3423777,0.99934083
6det,data/pdbbind/refined-set/6det/6det_ligand.sdf,data/clashes/6det/6det_protein_cleaned.pdb,8.22,240,5.1680374,0.89687335
6ajz,data/pdbbind/refined-set/6ajz/6ajz_ligand.sdf,data/clashes/6ajz/6ajz_protein_cleaned.pdb,4.34,241,5.418111,0.9957131
6mlj,data/pdbbind/refined-set/6mlj/6mlj_ligand.sdf,data/clashes/6mlj/6mlj_protein_cleaned.pdb,7.26,242,6.1441097,0.99911755
4tju,data/pdbbind/general-set/4tju/4tju_ligand.sdf,data/clashes/4tju/4tju_protein_cleaned.pdb,5.44,243,7.521199,0.99999046
6jof,data/pdbbind/refined-set/6jof/6jof_ligand.sdf,data/clashes/6jof/6jof_protein_cleaned.pdb,4.98,244,6.461833,0.99996436
3uo6,data/pdbbind/general-set/3uo6/3uo6_ligand.sdf,data/clashes/3uo6/3uo6_protein_cleaned.pdb,7.82,245,7.6089487,0.9999925
1hk5,data/pdbbind/general-set/1hk5/1hk5_ligand.sdf,data/clashes/1hk5/1hk5_protein_cleaned.pdb,5.24,246,6.7355742,0.9999393
6hgf,data/pdbbind/refined-set/6hgf/6hgf_ligand.sdf,data/clashes/6hgf/6hgf_protein_cleaned.pdb,5.02,247,6.6303153,0.9999722
3t8s,data/pdbbind/general-set/3t8s/3t8s_ligand.sdf,data/clashes/3t8s/3t8s_protein_cleaned.pdb,8.55,248,3.7312436,0.5096501
1los,data/pdbbind/general-set/1los/1los_ligand.sdf,data/clashes/1los/1los_protein_cleaned.pdb,7.19,249,5.8780146,0.93007004
5hgc,data/pdbbind/general-set/5hgc/5hgc_ligand.sdf,data/clashes/5hgc/5hgc_protein_cleaned.pdb,8.66,250,5.5778575,0.93790996
5ier,data/pdbbind/general-set/5ier/5ier_ligand.sdf,data/clashes/5ier/5ier_protein_cleaned.pdb,4.89,251,6.7135596,0.9999919
6hgg,data/pdbbind/refined-set/6hgg/6hgg_ligand.sdf,data/clashes/6hgg/6hgg_protein_cleaned.pdb,5.42,252,6.84692,0.99998075
1drj,data/pdbbind/refined-set/1drj/1drj_ligand.sdf,data/clashes/1drj/1drj_protein_cleaned.pdb,7.4,253,6.268727,0.95552665
1txr,data/pdbbind/refined-set/1txr/1txr_ligand.sdf,data/clashes/1txr/1txr_protein_cleaned.pdb,7.74,254,7.506503,0.99997866
2oiq,data/pdbbind/refined-set/2oiq/2oiq_ligand.sdf,data/clashes/2oiq/2oiq_protein_cleaned.pdb,5.0,255,5.810386,0.9998771
1ydd,data/pdbbind/refined-set/1ydd/1ydd_ligand.sdf,data/clashes/1ydd/1ydd_protein_cleaned.pdb,7.07,256,7.1685257,0.9998354
2vxn,data/pdbbind/refined-set/2vxn/2vxn_ligand.sdf,data/clashes/2vxn/2vxn_protein_cleaned.pdb,5.0,257,6.2478666,0.90379333
3bcn,data/pdbbind/general-set/3bcn/3bcn_ligand.sdf,data/clashes/3bcn/3bcn_protein_cleaned.pdb,7.12,258,6.8936415,0.9999739
4lzr,data/pdbbind/refined-set/4lzr/4lzr_ligand.sdf,data/clashes/4lzr/4lzr_protein_cleaned.pdb,4.7,259,5.4181747,0.99836636
2rc9,data/pdbbind/general-set/2rc9/2rc9_ligand.sdf,data/clashes/2rc9/2rc9_protein_cleaned.pdb,7.4,260,4.6460752,0.5194266
3hig,data/pdbbind/refined-set/3hig/3hig_ligand.sdf,data/clashes/3hig/3hig_protein_cleaned.pdb,7.89,261,6.179958,0.9999339
4r73,data/pdbbind/refined-set/4r73/4r73_ligand.sdf,data/clashes/4r73/4r73_protein_cleaned.pdb,7.64,262,4.8857903,0.907601
3su3,data/pdbbind/refined-set/3su3/3su3_ligand.sdf,data/clashes/3su3/3su3_protein_cleaned.pdb,9.13,263,6.7612085,0.9999851
1azm,data/pdbbind/refined-set/1azm/1azm_ligand.sdf,data/clashes/1azm/1azm_protein_cleaned.pdb,6.1,264,7.5399847,0.99998254
4gki,data/pdbbind/refined-set/4gki/4gki_ligand.sdf,data/clashes/4gki/4gki_protein_cleaned.pdb,4.46,265,6.3217077,0.99607676
3e85,data/pdbbind/general-set/3e85/3e85_ligand.sdf,data/clashes/3e85/3e85_protein_cleaned.pdb,5.38,266,4.449773,0.70285475
1e9h,data/pdbbind/general-set/1e9h/1e9h_ligand.sdf,data/clashes/1e9h/1e9h_protein_cleaned.pdb,7.46,267,6.90029,0.9999849
6joe,data/pdbbind/general-set/6joe/6joe_ligand.sdf,data/clashes/6joe/6joe_protein_cleaned.pdb,7.04,268,7.1140604,0.9999935
6g39,data/pdbbind/refined-set/6g39/6g39_ligand.sdf,data/clashes/6g39/6g39_protein_cleaned.pdb,8.34,269,7.7156844,0.9999958
2x6k,data/pdbbind/general-set/2x6k/2x6k_ligand.sdf,data/clashes/2x6k/2x6k_protein_cleaned.pdb,5.64,270,6.3176713,0.99999315
5ax3,data/pdbbind/general-set/5ax3/5ax3_ligand.sdf,data/clashes/5ax3/5ax3_protein_cleaned.pdb,5.92,271,7.0183806,0.99999726
3dc3,data/pdbbind/refined-set/3dc3/3dc3_ligand.sdf,data/clashes/3dc3/3dc3_protein_cleaned.pdb,8.31,272,7.6886225,0.99998075
4uxb,data/pdbbind/general-set/4uxb/4uxb_ligand.sdf,data/clashes/4uxb/4uxb_protein_cleaned.pdb,7.96,273,5.8460298,0.99907047
1r5n,data/pdbbind/general-set/1r5n/1r5n_ligand.sdf,data/clashes/1r5n/1r5n_protein_cleaned.pdb,5.42,274,6.140393,0.9999176
6mlo,data/pdbbind/refined-set/6mlo/6mlo_ligand.sdf,data/clashes/6mlo/6mlo_protein_cleaned.pdb,6.1,275,5.187479,0.96077204
2hyy,data/pdbbind/general-set/2hyy/2hyy_ligand.sdf,data/clashes/2hyy/2hyy_protein_cleaned.pdb,6.77,276,6.237581,0.9999857
1y20,data/pdbbind/refined-set/1y20/1y20_ligand.sdf,data/clashes/1y20/1y20_protein_cleaned.pdb,5.32,277,4.2868786,0.48762923
1jd0,data/pdbbind/general-set/1jd0/1jd0_ligand.sdf,data/clashes/1jd0/1jd0_protein_cleaned.pdb,8.24,278,7.4403596,0.9999798
3sv9,data/pdbbind/general-set/3sv9/3sv9_ligand.sdf,data/clashes/3sv9/3sv9_protein_cleaned.pdb,5.0,279,6.748624,0.999994
1ype,data/pdbbind/refined-set/1ype/1ype_ligand.sdf,data/clashes/1ype/1ype_protein_cleaned.pdb,8.1,280,6.4407897,0.99999654
3dkf,data/pdbbind/general-set/3dkf/3dkf_ligand.sdf,data/clashes/3dkf/3dkf_protein_cleaned.pdb,8.57,281,7.3683844,0.99997044
5h9q,data/pdbbind/general-set/5h9q/5h9q_ligand.sdf,data/clashes/5h9q/5h9q_protein_cleaned.pdb,4.42,282,6.548548,0.99999446
2xhm,data/pdbbind/refined-set/2xhm/2xhm_ligand.sdf,data/clashes/2xhm/2xhm_protein_cleaned.pdb,6.8,283,5.561497,0.99370545
2pqc,data/pdbbind/refined-set/2pqc/2pqc_ligand.sdf,data/clashes/2pqc/2pqc_protein_cleaned.pdb,5.74,284,6.5180726,0.99997663
4p6x,data/pdbbind/refined-set/4p6x/4p6x_ligand.sdf,data/clashes/4p6x/4p6x_protein_cleaned.pdb,7.04,285,7.9184427,0.99997777
1hk2,data/pdbbind/general-set/1hk2/1hk2_ligand.sdf,data/clashes/1hk2/1hk2_protein_cleaned.pdb,6.77,286,7.125136,0.99996054
4mmp,data/pdbbind/refined-set/4mmp/4mmp_ligand.sdf,data/clashes/4mmp/4mmp_protein_cleaned.pdb,7.71,287,4.4062176,0.5805885
4np9,data/pdbbind/refined-set/4np9/4np9_ligand.sdf,data/clashes/4np9/4np9_protein_cleaned.pdb,5.03,288,3.0749733,0.20187373
5gv2,data/pdbbind/general-set/5gv2/5gv2_ligand.sdf,data/clashes/5gv2/5gv2_protein_cleaned.pdb,5.65,289,4.305821,0.74450636
2xtk,data/pdbbind/general-set/2xtk/2xtk_ligand.sdf,data/clashes/2xtk/2xtk_protein_cleaned.pdb,3.79,290,4.22167,0.34208643
3kr4,data/pdbbind/refined-set/3kr4/3kr4_ligand.sdf,data/clashes/3kr4/3kr4_protein_cleaned.pdb,7.6,291,6.6295357,0.9998425
1b57,data/pdbbind/refined-set/1b57/1b57_ligand.sdf,data/clashes/1b57/1b57_protein_cleaned.pdb,8.0,292,7.5591507,0.9993828
1ftk,data/pdbbind/general-set/1ftk/1ftk_ligand.sdf,data/clashes/1ftk/1ftk_protein_cleaned.pdb,4.84,293,5.5499983,0.9986426
5ewk,data/pdbbind/refined-set/5ewk/5ewk_ligand.sdf,data/clashes/5ewk/5ewk_protein_cleaned.pdb,4.85,294,5.073167,0.98884696
2pre,data/pdbbind/general-set/2pre/2pre_ligand.sdf,data/clashes/2pre/2pre_protein_cleaned.pdb,6.65,295,7.0609283,0.99998695
3c52,data/pdbbind/refined-set/3c52/3c52_ligand.sdf,data/clashes/3c52/3c52_protein_cleaned.pdb,7.3,296,6.730484,0.9998805
1tlo,data/pdbbind/general-set/1tlo/1tlo_ligand.sdf,data/clashes/1tlo/1tlo_protein_cleaned.pdb,4.0,297,6.831868,0.99984074
1c8k,data/pdbbind/general-set/1c8k/1c8k_ligand.sdf,data/clashes/1c8k/1c8k_protein_cleaned.pdb,6.0,298,6.016021,0.9979658
2aox,data/pdbbind/general-set/2aox/2aox_ligand.sdf,data/clashes/2aox/2aox_protein_cleaned.pdb,7.42,299,6.373166,0.9998705
3jyr,data/pdbbind/refined-set/3jyr/3jyr_ligand.sdf,data/clashes/3jyr/3jyr_protein_cleaned.pdb,5.54,300,6.9949408,0.99998343
6mku,data/pdbbind/refined-set/6mku/6mku_ligand.sdf,data/clashes/6mku/6mku_protein_cleaned.pdb,7.15,301,6.097047,0.9998331
1jrs,data/pdbbind/general-set/1jrs/1jrs_ligand.sdf,data/clashes/1jrs/1jrs_protein_cleaned.pdb,6.4,302,6.9928923,0.9999833
5mqt,data/pdbbind/general-set/5mqt/5mqt_ligand.sdf,data/clashes/5mqt/5mqt_protein_cleaned.pdb,5.7,303,5.6745734,0.9996421
1f8c,data/pdbbind/refined-set/1f8c/1f8c_ligand.sdf,data/clashes/1f8c/1f8c_protein_cleaned.pdb,7.4,304,6.3872733,0.99921846
1k1y,data/pdbbind/refined-set/1k1y/1k1y_ligand.sdf,data/clashes/1k1y/1k1y_protein_cleaned.pdb,3.22,305,6.061069,0.9998968
5gwa,data/pdbbind/general-set/5gwa/5gwa_ligand.sdf,data/clashes/5gwa/5gwa_protein_cleaned.pdb,5.77,306,6.698058,0.99346304
4g0c,data/pdbbind/general-set/4g0c/4g0c_ligand.sdf,data/clashes/4g0c/4g0c_protein_cleaned.pdb,7.92,307,7.79384,0.99997866
5jn8,data/pdbbind/general-set/5jn8/5jn8_ligand.sdf,data/clashes/5jn8/5jn8_protein_cleaned.pdb,7.3,308,7.5136275,0.9999569
4psh,data/pdbbind/general-set/4psh/4psh_ligand.sdf,data/clashes/4psh/4psh_protein_cleaned.pdb,8.89,309,5.383435,0.9716074
4r5x,data/pdbbind/general-set/4r5x/4r5x_ligand.sdf,data/clashes/4r5x/4r5x_protein_cleaned.pdb,5.26,310,7.8389373,0.99994004
3dst,data/pdbbind/general-set/3dst/3dst_ligand.sdf,data/clashes/3dst/3dst_protein_cleaned.pdb,9.08,311,6.834697,0.9994384
3nxq,data/pdbbind/refined-set/3nxq/3nxq_ligand.sdf,data/clashes/3nxq/3nxq_protein_cleaned.pdb,8.15,312,6.999791,0.99999255
3w2o,data/pdbbind/general-set/3w2o/3w2o_ligand.sdf,data/clashes/3w2o/3w2o_protein_cleaned.pdb,5.08,313,5.923444,0.99970835
4qmx,data/pdbbind/general-set/4qmx/4qmx_ligand.sdf,data/clashes/4qmx/4qmx_protein_cleaned.pdb,4.96,314,7.4192915,0.9999838
3poz,data/pdbbind/general-set/3poz/3poz_ligand.sdf,data/clashes/3poz/3poz_protein_cleaned.pdb,7.64,315,6.8063407,0.9999073
2isv,data/pdbbind/general-set/2isv/2isv_ligand.sdf,data/clashes/2isv/2isv_protein_cleaned.pdb,7.43,316,6.624016,0.9901269
5om7,data/pdbbind/refined-set/5om7/5om7_ligand.sdf,data/clashes/5om7/5om7_protein_cleaned.pdb,5.74,317,6.902874,0.9991292
6mlg,data/pdbbind/refined-set/6mlg/6mlg_ligand.sdf,data/clashes/6mlg/6mlg_protein_cleaned.pdb,5.05,318,5.712266,0.9986049
2dri,data/pdbbind/refined-set/2dri/2dri_ligand.sdf,data/clashes/2dri/2dri_protein_cleaned.pdb,6.89,319,6.6733828,0.9956552
4ygf,data/pdbbind/refined-set/4ygf/4ygf_ligand.sdf,data/clashes/4ygf/4ygf_protein_cleaned.pdb,7.68,320,7.3977365,0.9999486
3bxh,data/pdbbind/refined-set/3bxh/3bxh_ligand.sdf,data/clashes/3bxh/3bxh_protein_cleaned.pdb,4.03,321,4.409617,0.7705189
1ypg,data/pdbbind/refined-set/1ypg/1ypg_ligand.sdf,data/clashes/1ypg/1ypg_protein_cleaned.pdb,8.0,322,6.951741,0.99999666
6jwa,data/pdbbind/general-set/6jwa/6jwa_ligand.sdf,data/clashes/6jwa/6jwa_protein_cleaned.pdb,4.96,323,7.225108,0.999996
1dwc,data/pdbbind/general-set/1dwc/1dwc_ligand.sdf,data/clashes/1dwc/1dwc_protein_cleaned.pdb,7.41,324,6.9989347,0.99999636
2zof,data/pdbbind/general-set/2zof/2zof_ligand.sdf,data/clashes/2zof/2zof_protein_cleaned.pdb,8.15,325,7.036245,0.99988717
4wm9,data/pdbbind/general-set/4wm9/4wm9_ligand.sdf,data/clashes/4wm9/4wm9_protein_cleaned.pdb,6.92,326,6.3921175,0.9996832
3d4z,data/pdbbind/refined-set/3d4z/3d4z_ligand.sdf,data/clashes/3d4z/3d4z_protein_cleaned.pdb,4.89,327,5.2722607,0.9874687
3ebp,data/pdbbind/refined-set/3ebp/3ebp_ligand.sdf,data/clashes/3ebp/3ebp_protein_cleaned.pdb,5.91,328,6.0470476,0.99783957
