unique_id,pK,sdf_file,pdb_file,graph_id,final_pred_pKd,final_bind_prob
6r9u,2.12,data/pdbbind/refined-set/6r9u/6r9u_ligand.sdf,data/pdbbind/refined-set/6r9u/6r9u_protein.pdb,0,2.715899,0.0038171906
1x8d,2.21,data/pdbbind/refined-set/1x8d/1x8d_ligand.sdf,data/pdbbind/refined-set/1x8d/1x8d_protein.pdb,1,4.092055,0.7027036
3ip8,2.28,data/pdbbind/refined-set/3ip8/3ip8_ligand.sdf,data/pdbbind/refined-set/3ip8/3ip8_protein.pdb,2,4.5487957,0.6557282
5aol,2.32,data/pdbbind/refined-set/5aol/5aol_ligand.sdf,data/pdbbind/refined-set/5aol/5aol_protein.pdb,3,4.8460035,0.76749253
2fzc,2.7,data/pdbbind/refined-set/2fzc/2fzc_ligand.sdf,data/pdbbind/refined-set/2fzc/2fzc_protein.pdb,4,4.8326936,0.802848
4bt5,2.76,data/pdbbind/refined-set/4bt5/4bt5_ligand.sdf,data/pdbbind/refined-set/4bt5/4bt5_protein.pdb,5,4.3172426,0.69052184
4ai5,2.92,data/pdbbind/refined-set/4ai5/4ai5_ligand.sdf,data/pdbbind/refined-set/4ai5/4ai5_protein.pdb,6,4.7778077,0.7344845
6r9x,2.96,data/pdbbind/refined-set/6r9x/6r9x_ligand.sdf,data/pdbbind/refined-set/6r9x/6r9x_protein.pdb,7,4.1552553,0.43400136
4ibc,2.98,data/pdbbind/refined-set/4ibc/4ibc_ligand.sdf,data/pdbbind/refined-set/4ibc/4ibc_protein.pdb,8,6.4239016,0.99999696
5aba,2.98,data/pdbbind/refined-set/5aba/5aba_ligand.sdf,data/pdbbind/refined-set/5aba/5aba_protein.pdb,9,5.283308,0.83984864
6ncn,3.05,data/pdbbind/refined-set/6ncn/6ncn_ligand.sdf,data/pdbbind/refined-set/6ncn/6ncn_protein.pdb,10,4.4874907,0.73266476
3f78,3.1,data/pdbbind/refined-set/3f78/3f78_ligand.sdf,data/pdbbind/refined-set/3f78/3f78_protein.pdb,11,4.187667,0.41857004
4bt3,3.12,data/pdbbind/refined-set/4bt3/4bt3_ligand.sdf,data/pdbbind/refined-set/4bt3/4bt3_protein.pdb,12,4.066064,0.5833481
4n5d,3.22,data/pdbbind/refined-set/4n5d/4n5d_ligand.sdf,data/pdbbind/refined-set/4n5d/4n5d_protein.pdb,13,5.1626124,0.9481147
4bt4,3.34,data/pdbbind/refined-set/4bt4/4bt4_ligand.sdf,data/pdbbind/refined-set/4bt4/4bt4_protein.pdb,14,4.439691,0.7805356
6mnv,3.37,data/pdbbind/refined-set/6mnv/6mnv_ligand.sdf,data/pdbbind/refined-set/6mnv/6mnv_protein.pdb,15,4.097728,0.4364925
2fzg,3.38,data/pdbbind/refined-set/2fzg/2fzg_ligand.sdf,data/pdbbind/refined-set/2fzg/2fzg_protein.pdb,16,4.9157667,0.8182799
1ikt,3.4,data/pdbbind/refined-set/1ikt/1ikt_ligand.sdf,data/pdbbind/refined-set/1ikt/1ikt_protein.pdb,17,5.9895926,0.9826207
4ibb,3.57,data/pdbbind/refined-set/4ibb/4ibb_ligand.sdf,data/pdbbind/refined-set/4ibb/4ibb_protein.pdb,18,6.474389,0.99999654
5a7b,3.57,data/pdbbind/refined-set/5a7b/5a7b_ligand.sdf,data/pdbbind/refined-set/5a7b/5a7b_protein.pdb,19,5.736518,0.9571821
6gjm,3.58,data/pdbbind/refined-set/6gjm/6gjm_ligand.sdf,data/pdbbind/refined-set/6gjm/6gjm_protein.pdb,20,3.8611941,0.2946246
2fzk,3.6,data/pdbbind/refined-set/2fzk/2fzk_ligand.sdf,data/pdbbind/refined-set/2fzk/2fzk_protein.pdb,21,5.42605,0.94853383
2qpu,3.6,data/pdbbind/refined-set/2qpu/2qpu_ligand.sdf,data/pdbbind/refined-set/2qpu/2qpu_protein.pdb,22,4.390167,0.7273028
5dqf,3.6,data/pdbbind/refined-set/5dqf/5dqf_ligand.sdf,data/pdbbind/refined-set/5dqf/5dqf_protein.pdb,23,5.478712,0.90285033
5lud,3.61,data/pdbbind/refined-set/5lud/5lud_ligand.sdf,data/pdbbind/refined-set/5lud/5lud_protein.pdb,24,3.2299984,0.37359944
4agl,3.65,data/pdbbind/refined-set/4agl/4agl_ligand.sdf,data/pdbbind/refined-set/4agl/4agl_protein.pdb,25,4.2822676,0.77108526
4aia,3.66,data/pdbbind/refined-set/4aia/4aia_ligand.sdf,data/pdbbind/refined-set/4aia/4aia_protein.pdb,26,4.918502,0.80870306
4ibd,3.67,data/pdbbind/refined-set/4ibd/4ibd_ligand.sdf,data/pdbbind/refined-set/4ibd/4ibd_protein.pdb,27,6.220075,0.9999998
4ovg,3.69,data/pdbbind/refined-set/4ovg/4ovg_ligand.sdf,data/pdbbind/refined-set/4ovg/4ovg_protein.pdb,28,4.7462053,0.868838
3n7a,3.7,data/pdbbind/refined-set/3n7a/3n7a_ligand.sdf,data/pdbbind/refined-set/3n7a/3n7a_protein.pdb,29,4.0607433,0.21513864
6gjj,3.7,data/pdbbind/refined-set/6gjj/6gjj_ligand.sdf,data/pdbbind/refined-set/6gjj/6gjj_protein.pdb,30,3.563335,0.13045914
1grp,3.72,data/pdbbind/refined-set/1grp/1grp_ligand.sdf,data/pdbbind/refined-set/1grp/1grp_protein.pdb,31,4.6304703,0.6198169
6gjr,3.74,data/pdbbind/refined-set/6gjr/6gjr_ligand.sdf,data/pdbbind/refined-set/6gjr/6gjr_protein.pdb,32,4.4180083,0.6147825
4kiu,3.85,data/pdbbind/refined-set/4kiu/4kiu_ligand.sdf,data/pdbbind/refined-set/4kiu/4kiu_protein.pdb,33,5.446933,0.98661137
3spf,3.86,data/pdbbind/refined-set/3spf/3spf_ligand.sdf,data/pdbbind/refined-set/3spf/3spf_protein.pdb,34,6.4042854,0.99997365
5g4m,3.86,data/pdbbind/refined-set/5g4m/5g4m_ligand.sdf,data/pdbbind/refined-set/5g4m/5g4m_protein.pdb,35,4.895334,0.84398353
5oh9,3.86,data/pdbbind/refined-set/5oh9/5oh9_ligand.sdf,data/pdbbind/refined-set/5oh9/5oh9_protein.pdb,36,4.757518,0.5496093
4nbk,3.87,data/pdbbind/refined-set/4nbk/4nbk_ligand.sdf,data/pdbbind/refined-set/4nbk/4nbk_protein.pdb,37,4.7683916,0.7491696
5oh3,3.87,data/pdbbind/refined-set/5oh3/5oh3_ligand.sdf,data/pdbbind/refined-set/5oh3/5oh3_protein.pdb,38,4.490221,0.8613614
6gji,3.87,data/pdbbind/refined-set/6gji/6gji_ligand.sdf,data/pdbbind/refined-set/6gji/6gji_protein.pdb,39,4.294749,0.6599509
4mjp,3.88,data/pdbbind/refined-set/4mjp/4mjp_ligand.sdf,data/pdbbind/refined-set/4mjp/4mjp_protein.pdb,40,4.7431765,0.95329106
2vuk,3.9,data/pdbbind/refined-set/2vuk/2vuk_ligand.sdf,data/pdbbind/refined-set/2vuk/2vuk_protein.pdb,41,4.696855,0.68894315
6g9i,3.93,data/pdbbind/refined-set/6g9i/6g9i_ligand.sdf,data/pdbbind/refined-set/6g9i/6g9i_protein.pdb,42,4.326318,0.2241087
4agn,3.97,data/pdbbind/refined-set/4agn/4agn_ligand.sdf,data/pdbbind/refined-set/4agn/4agn_protein.pdb,43,5.283318,0.8437139
4ibg,3.97,data/pdbbind/refined-set/4ibg/4ibg_ligand.sdf,data/pdbbind/refined-set/4ibg/4ibg_protein.pdb,44,6.175878,0.99977416
4agm,3.98,data/pdbbind/refined-set/4agm/4agm_ligand.sdf,data/pdbbind/refined-set/4agm/4agm_protein.pdb,45,5.2530074,0.867945
5g4n,4.0,data/pdbbind/refined-set/5g4n/5g4n_ligand.sdf,data/pdbbind/refined-set/5g4n/5g4n_protein.pdb,46,5.1850977,0.9834846
3n8k,4.05,data/pdbbind/refined-set/3n8k/3n8k_ligand.sdf,data/pdbbind/refined-set/3n8k/3n8k_protein.pdb,47,5.0509276,0.9492793
1hyo,4.07,data/pdbbind/refined-set/1hyo/1hyo_ligand.sdf,data/pdbbind/refined-set/1hyo/1hyo_protein.pdb,48,5.785439,0.9974964
4ibi,4.14,data/pdbbind/refined-set/4ibi/4ibi_ligand.sdf,data/pdbbind/refined-set/4ibi/4ibi_protein.pdb,49,6.468316,0.9999691
4ibe,4.15,data/pdbbind/refined-set/4ibe/4ibe_ligand.sdf,data/pdbbind/refined-set/4ibe/4ibe_protein.pdb,50,6.3598676,0.9999998
3kyq,4.22,data/pdbbind/refined-set/3kyq/3kyq_ligand.sdf,data/pdbbind/refined-set/3kyq/3kyq_protein.pdb,51,5.972064,0.99947834
5kh3,4.22,data/pdbbind/refined-set/5kh3/5kh3_ligand.sdf,data/pdbbind/refined-set/5kh3/5kh3_protein.pdb,52,4.9736924,0.9964821
5oh2,4.24,data/pdbbind/refined-set/5oh2/5oh2_ligand.sdf,data/pdbbind/refined-set/5oh2/5oh2_protein.pdb,53,6.649938,0.7197223
4ibk,4.3,data/pdbbind/refined-set/4ibk/4ibk_ligand.sdf,data/pdbbind/refined-set/4ibk/4ibk_protein.pdb,54,6.4439607,0.9999925
4kow,4.31,data/pdbbind/refined-set/4kow/4kow_ligand.sdf,data/pdbbind/refined-set/4kow/4kow_protein.pdb,55,5.228899,0.79310304
6ajr,4.31,data/pdbbind/refined-set/6ajr/6ajr_ligand.sdf,data/pdbbind/refined-set/6ajr/6ajr_protein.pdb,56,5.071213,0.9966136
4ucc,4.32,data/pdbbind/refined-set/4ucc/4ucc_ligand.sdf,data/pdbbind/refined-set/4ucc/4ucc_protein.pdb,57,5.058445,0.998559
4ibj,4.33,data/pdbbind/refined-set/4ibj/4ibj_ligand.sdf,data/pdbbind/refined-set/4ibj/4ibj_protein.pdb,58,5.8576393,0.9998657
6r1a,4.35,data/pdbbind/refined-set/6r1a/6r1a_ligand.sdf,data/pdbbind/refined-set/6r1a/6r1a_protein.pdb,59,5.608229,0.9995276
4nbn,4.36,data/pdbbind/refined-set/4nbn/4nbn_ligand.sdf,data/pdbbind/refined-set/4nbn/4nbn_protein.pdb,60,4.5865316,0.8143172
5oh7,4.37,data/pdbbind/refined-set/5oh7/5oh7_ligand.sdf,data/pdbbind/refined-set/5oh7/5oh7_protein.pdb,61,5.4949784,0.6187211
6o5u,4.38,data/pdbbind/refined-set/6o5u/6o5u_ligand.sdf,data/pdbbind/refined-set/6o5u/6o5u_protein.pdb,62,4.8005676,0.9977888
4dsy,4.43,data/pdbbind/refined-set/4dsy/4dsy_ligand.sdf,data/pdbbind/refined-set/4dsy/4dsy_protein.pdb,63,5.4753633,0.8860013
4ibf,4.43,data/pdbbind/refined-set/4ibf/4ibf_ligand.sdf,data/pdbbind/refined-set/4ibf/4ibf_protein.pdb,64,6.340935,0.9999868
5g4o,4.43,data/pdbbind/refined-set/5g4o/5g4o_ligand.sdf,data/pdbbind/refined-set/5g4o/5g4o_protein.pdb,65,5.294132,0.97161114
6np4,4.44,data/pdbbind/refined-set/6np4/6np4_ligand.sdf,data/pdbbind/refined-set/6np4/6np4_protein.pdb,66,4.889702,0.99585325
4dhl,4.48,data/pdbbind/refined-set/4dhl/4dhl_ligand.sdf,data/pdbbind/refined-set/4dhl/4dhl_protein.pdb,67,5.2452083,0.7651262
3hl8,4.49,data/pdbbind/refined-set/3hl8/3hl8_ligand.sdf,data/pdbbind/refined-set/3hl8/3hl8_protein.pdb,68,5.6583385,0.9996972
5o1f,4.52,data/pdbbind/refined-set/5o1f/5o1f_ligand.sdf,data/pdbbind/refined-set/5o1f/5o1f_protein.pdb,69,4.801662,0.94614565
5vh0,4.52,data/pdbbind/refined-set/5vh0/5vh0_ligand.sdf,data/pdbbind/refined-set/5vh0/5vh0_protein.pdb,70,7.8522673,0.9999999
6nco,4.52,data/pdbbind/refined-set/6nco/6nco_ligand.sdf,data/pdbbind/refined-set/6nco/6nco_protein.pdb,71,5.7677946,0.999512
5oh4,4.55,data/pdbbind/refined-set/5oh4/5oh4_ligand.sdf,data/pdbbind/refined-set/5oh4/5oh4_protein.pdb,72,4.8549075,0.7620947
6np5,4.57,data/pdbbind/refined-set/6np5/6np5_ligand.sdf,data/pdbbind/refined-set/6np5/6np5_protein.pdb,73,4.550908,0.9791295
3hp9,4.59,data/pdbbind/refined-set/3hp9/3hp9_ligand.sdf,data/pdbbind/refined-set/3hp9/3hp9_protein.pdb,74,5.9071193,0.99928474
6n5x,4.6,data/pdbbind/refined-set/6n5x/6n5x_ligand.sdf,data/pdbbind/refined-set/6n5x/6n5x_protein.pdb,75,2.4923222,0.5052782
5j1r,4.66,data/pdbbind/refined-set/5j1r/5j1r_ligand.sdf,data/pdbbind/refined-set/5j1r/5j1r_protein.pdb,76,4.440639,0.657784
5o1d,4.66,data/pdbbind/refined-set/5o1d/5o1d_ligand.sdf,data/pdbbind/refined-set/5o1d/5o1d_protein.pdb,77,4.987774,0.9993545
6ezq,4.66,data/pdbbind/refined-set/6ezq/6ezq_ligand.sdf,data/pdbbind/refined-set/6ezq/6ezq_protein.pdb,78,5.9672155,0.99904025
6ooy,4.66,data/pdbbind/refined-set/6ooy/6ooy_ligand.sdf,data/pdbbind/refined-set/6ooy/6ooy_protein.pdb,79,6.2326474,0.9976584
5aoj,4.68,data/pdbbind/refined-set/5aoj/5aoj_ligand.sdf,data/pdbbind/refined-set/5aoj/5aoj_protein.pdb,80,4.6104145,0.9969338
4agp,4.69,data/pdbbind/refined-set/4agp/4agp_ligand.sdf,data/pdbbind/refined-set/4agp/4agp_protein.pdb,81,5.5413237,0.9031991
4j7d,4.7,data/pdbbind/refined-set/4j7d/4j7d_ligand.sdf,data/pdbbind/refined-set/4j7d/4j7d_protein.pdb,82,6.33322,0.9999884
4luz,4.7,data/pdbbind/refined-set/4luz/4luz_ligand.sdf,data/pdbbind/refined-set/4luz/4luz_protein.pdb,83,5.9880366,0.99687624
6fba,4.7,data/pdbbind/refined-set/6fba/6fba_ligand.sdf,data/pdbbind/refined-set/6fba/6fba_protein.pdb,84,4.4523525,0.6967374
6r13,4.7,data/pdbbind/refined-set/6r13/6r13_ligand.sdf,data/pdbbind/refined-set/6r13/6r13_protein.pdb,85,4.757949,0.99596417
5j3l,4.8,data/pdbbind/refined-set/5j3l/5j3l_ligand.sdf,data/pdbbind/refined-set/5j3l/5j3l_protein.pdb,86,4.2426376,0.38269213
4ago,4.81,data/pdbbind/refined-set/4ago/4ago_ligand.sdf,data/pdbbind/refined-set/4ago/4ago_protein.pdb,87,5.713498,0.950531
1v1j,4.82,data/pdbbind/refined-set/1v1j/1v1j_ligand.sdf,data/pdbbind/refined-set/1v1j/1v1j_protein.pdb,88,5.2536035,0.8923936
4ciw,4.82,data/pdbbind/refined-set/4ciw/4ciw_ligand.sdf,data/pdbbind/refined-set/4ciw/4ciw_protein.pdb,89,4.644651,0.6847395
4j7e,4.85,data/pdbbind/refined-set/4j7e/4j7e_ligand.sdf,data/pdbbind/refined-set/4j7e/4j7e_protein.pdb,90,7.028245,0.9999525
4ovh,4.85,data/pdbbind/refined-set/4ovh/4ovh_ligand.sdf,data/pdbbind/refined-set/4ovh/4ovh_protein.pdb,91,5.3163404,0.9569545
5o1h,4.85,data/pdbbind/refined-set/5o1h/5o1h_ligand.sdf,data/pdbbind/refined-set/5o1h/5o1h_protein.pdb,92,5.3194532,0.99733275
6gga,4.85,data/pdbbind/refined-set/6gga/6gga_ligand.sdf,data/pdbbind/refined-set/6gga/6gga_protein.pdb,93,5.2670484,0.96633804
4pnu,4.89,data/pdbbind/refined-set/4pnu/4pnu_ligand.sdf,data/pdbbind/refined-set/4pnu/4pnu_protein.pdb,94,5.7154717,0.998892
5oha,4.89,data/pdbbind/refined-set/5oha/5oha_ligand.sdf,data/pdbbind/refined-set/5oha/5oha_protein.pdb,95,5.8400064,0.87082493
5l8a,4.91,data/pdbbind/refined-set/5l8a/5l8a_ligand.sdf,data/pdbbind/refined-set/5l8a/5l8a_protein.pdb,96,6.6138167,0.999325
3rv8,4.92,data/pdbbind/refined-set/3rv8/3rv8_ligand.sdf,data/pdbbind/refined-set/3rv8/3rv8_protein.pdb,97,5.333709,0.9913886
6r11,4.92,data/pdbbind/refined-set/6r11/6r11_ligand.sdf,data/pdbbind/refined-set/6r11/6r11_protein.pdb,98,4.747073,0.96081465
6r18,4.92,data/pdbbind/refined-set/6r18/6r18_ligand.sdf,data/pdbbind/refined-set/6r18/6r18_protein.pdb,99,5.073106,0.9978577
3veh,4.96,data/pdbbind/refined-set/3veh/3veh_ligand.sdf,data/pdbbind/refined-set/3veh/3veh_protein.pdb,100,5.4307137,0.91623175
5ioz,4.96,data/pdbbind/refined-set/5ioz/5ioz_ligand.sdf,data/pdbbind/refined-set/5ioz/5ioz_protein.pdb,101,5.0969205,0.96704614
6r0v,4.96,data/pdbbind/refined-set/6r0v/6r0v_ligand.sdf,data/pdbbind/refined-set/6r0v/6r0v_protein.pdb,102,5.1733236,0.99963284
4agq,5.01,data/pdbbind/refined-set/4agq/4agq_ligand.sdf,data/pdbbind/refined-set/4agq/4agq_protein.pdb,103,5.3671184,0.99115455
5i3a,5.05,data/pdbbind/refined-set/5i3a/5i3a_ligand.sdf,data/pdbbind/refined-set/5i3a/5i3a_protein.pdb,104,5.8320537,0.8764927
3juo,5.07,data/pdbbind/refined-set/3juo/3juo_ligand.sdf,data/pdbbind/refined-set/3juo/3juo_protein.pdb,105,5.397948,0.99873734
1enu,5.08,data/pdbbind/refined-set/1enu/1enu_ligand.sdf,data/pdbbind/refined-set/1enu/1enu_protein.pdb,106,5.1675644,0.98651963
1m48,5.09,data/pdbbind/refined-set/1m48/1m48_ligand.sdf,data/pdbbind/refined-set/1m48/1m48_protein.pdb,107,6.8299675,0.99997455
6ce6,5.1,data/pdbbind/refined-set/6ce6/6ce6_ligand.sdf,data/pdbbind/refined-set/6ce6/6ce6_protein.pdb,108,5.51291,0.98750246
1k4h,5.11,data/pdbbind/refined-set/1k4h/1k4h_ligand.sdf,data/pdbbind/refined-set/1k4h/1k4h_protein.pdb,109,6.2429895,0.99998206
1s38,5.15,data/pdbbind/refined-set/1s38/1s38_ligand.sdf,data/pdbbind/refined-set/1s38/1s38_protein.pdb,110,5.76945,0.9999298
1bq4,5.22,data/pdbbind/refined-set/1bq4/1bq4_ligand.sdf,data/pdbbind/refined-set/1bq4/1bq4_protein.pdb,111,5.408788,0.9899233
2hxm,5.22,data/pdbbind/refined-set/2hxm/2hxm_ligand.sdf,data/pdbbind/refined-set/2hxm/2hxm_protein.pdb,112,4.5674706,0.9142968
2jfz,5.24,data/pdbbind/refined-set/2jfz/2jfz_ligand.sdf,data/pdbbind/refined-set/2jfz/2jfz_protein.pdb,113,6.6379867,0.999884
1h6h,5.3,data/pdbbind/refined-set/1h6h/1h6h_ligand.sdf,data/pdbbind/refined-set/1h6h/1h6h_protein.pdb,114,4.3671293,0.44233236
5eyr,5.3,data/pdbbind/refined-set/5eyr/5eyr_ligand.sdf,data/pdbbind/refined-set/5eyr/5eyr_protein.pdb,115,4.7336016,0.9534086
6r1w,5.3,data/pdbbind/refined-set/6r1w/6r1w_ligand.sdf,data/pdbbind/refined-set/6r1w/6r1w_protein.pdb,116,6.183528,0.99919856
1hk4,5.31,data/pdbbind/refined-set/1hk4/1hk4_ligand.sdf,data/pdbbind/refined-set/1hk4/1hk4_protein.pdb,117,6.5985823,0.99997413
5g1z,5.32,data/pdbbind/refined-set/5g1z/5g1z_ligand.sdf,data/pdbbind/refined-set/5g1z/5g1z_protein.pdb,118,6.22984,0.99993724
3k4q,5.34,data/pdbbind/refined-set/3k4q/3k4q_ligand.sdf,data/pdbbind/refined-set/3k4q/3k4q_protein.pdb,119,6.3162913,0.97042763
6of5,5.35,data/pdbbind/refined-set/6of5/6of5_ligand.sdf,data/pdbbind/refined-set/6of5/6of5_protein.pdb,120,5.938956,0.9923301
3qt6,5.37,data/pdbbind/refined-set/3qt6/3qt6_ligand.sdf,data/pdbbind/refined-set/3qt6/3qt6_protein.pdb,121,5.050152,0.9762074
6ggb,5.39,data/pdbbind/refined-set/6ggb/6ggb_ligand.sdf,data/pdbbind/refined-set/6ggb/6ggb_protein.pdb,122,5.6739826,0.99930495
6ggf,5.39,data/pdbbind/refined-set/6ggf/6ggf_ligand.sdf,data/pdbbind/refined-set/6ggf/6ggf_protein.pdb,123,6.070286,0.999606
2i80,5.4,data/pdbbind/refined-set/2i80/2i80_ligand.sdf,data/pdbbind/refined-set/2i80/2i80_protein.pdb,124,6.0451083,0.89349
3b4p,5.4,data/pdbbind/refined-set/3b4p/3b4p_ligand.sdf,data/pdbbind/refined-set/3b4p/3b4p_protein.pdb,125,5.475312,0.9996065
4c5d,5.4,data/pdbbind/refined-set/4c5d/4c5d_ligand.sdf,data/pdbbind/refined-set/4c5d/4c5d_protein.pdb,126,7.3515916,0.9999987
6ny0,5.4,data/pdbbind/refined-set/6ny0/6ny0_ligand.sdf,data/pdbbind/refined-set/6ny0/6ny0_protein.pdb,127,2.9142737,0.35312328
6r1d,5.4,data/pdbbind/refined-set/6r1d/6r1d_ligand.sdf,data/pdbbind/refined-set/6r1d/6r1d_protein.pdb,128,5.1136427,0.99069846
1q65,5.46,data/pdbbind/refined-set/1q65/1q65_ligand.sdf,data/pdbbind/refined-set/1q65/1q65_protein.pdb,129,5.7784686,0.99939555
6nxz,5.46,data/pdbbind/refined-set/6nxz/6nxz_ligand.sdf,data/pdbbind/refined-set/6nxz/6nxz_protein.pdb,130,3.0632255,0.6609934
4n6g,5.47,data/pdbbind/refined-set/4n6g/4n6g_ligand.sdf,data/pdbbind/refined-set/4n6g/4n6g_protein.pdb,131,5.2759676,0.99674875
4n7m,5.47,data/pdbbind/refined-set/4n7m/4n7m_ligand.sdf,data/pdbbind/refined-set/4n7m/4n7m_protein.pdb,132,5.362155,0.9833978
5f08,5.52,data/pdbbind/refined-set/5f08/5f08_ligand.sdf,data/pdbbind/refined-set/5f08/5f08_protein.pdb,133,5.1793203,0.9999428
4r4c,5.54,data/pdbbind/refined-set/4r4c/4r4c_ligand.sdf,data/pdbbind/refined-set/4r4c/4r4c_protein.pdb,134,7.414927,0.9999965
3jup,5.58,data/pdbbind/refined-set/3jup/3jup_ligand.sdf,data/pdbbind/refined-set/3jup/3jup_protein.pdb,135,6.2458954,0.99995834
5t9w,5.59,data/pdbbind/refined-set/5t9w/5t9w_ligand.sdf,data/pdbbind/refined-set/5t9w/5t9w_protein.pdb,136,7.5926223,0.9999955
3e3c,5.62,data/pdbbind/refined-set/3e3c/3e3c_ligand.sdf,data/pdbbind/refined-set/3e3c/3e3c_protein.pdb,137,4.981939,0.9813738
3n86,5.64,data/pdbbind/refined-set/3n86/3n86_ligand.sdf,data/pdbbind/refined-set/3n86/3n86_protein.pdb,138,4.888349,0.8854287
3td4,5.66,data/pdbbind/refined-set/3td4/3td4_ligand.sdf,data/pdbbind/refined-set/3td4/3td4_protein.pdb,139,4.5835867,0.71817213
4c52,5.68,data/pdbbind/refined-set/4c52/4c52_ligand.sdf,data/pdbbind/refined-set/4c52/4c52_protein.pdb,140,7.066539,0.9999779
2h3e,5.7,data/pdbbind/refined-set/2h3e/2h3e_ligand.sdf,data/pdbbind/refined-set/2h3e/2h3e_protein.pdb,141,5.951818,0.99900997
4dkp,5.72,data/pdbbind/refined-set/4dkp/4dkp_ligand.sdf,data/pdbbind/refined-set/4dkp/4dkp_protein.pdb,142,5.8344855,0.99904567
4a95,5.76,data/pdbbind/refined-set/4a95/4a95_ligand.sdf,data/pdbbind/refined-set/4a95/4a95_protein.pdb,143,6.855153,0.9999744
4q9o,5.77,data/pdbbind/refined-set/4q9o/4q9o_ligand.sdf,data/pdbbind/refined-set/4q9o/4q9o_protein.pdb,144,6.9799395,0.9999908
4r4o,5.82,data/pdbbind/refined-set/4r4o/4r4o_ligand.sdf,data/pdbbind/refined-set/4r4o/4r4o_protein.pdb,145,7.0850782,0.9999874
6ced,5.82,data/pdbbind/refined-set/6ced/6ced_ligand.sdf,data/pdbbind/refined-set/6ced/6ced_protein.pdb,146,4.250201,0.4939793
4b6r,5.85,data/pdbbind/refined-set/4b6r/4b6r_ligand.sdf,data/pdbbind/refined-set/4b6r/4b6r_protein.pdb,147,5.9173317,0.99987423
3eeb,5.89,data/pdbbind/refined-set/3eeb/3eeb_ligand.sdf,data/pdbbind/refined-set/3eeb/3eeb_protein.pdb,148,6.447047,0.89993733
6r8w,5.92,data/pdbbind/refined-set/6r8w/6r8w_ligand.sdf,data/pdbbind/refined-set/6r8w/6r8w_protein.pdb,149,5.7012625,0.9973544
5od1,5.96,data/pdbbind/refined-set/5od1/5od1_ligand.sdf,data/pdbbind/refined-set/5od1/5od1_protein.pdb,150,6.1459374,0.9982559
5f0f,6.0,data/pdbbind/refined-set/5f0f/5f0f_ligand.sdf,data/pdbbind/refined-set/5f0f/5f0f_protein.pdb,151,5.628962,0.9999331
4b6s,6.01,data/pdbbind/refined-set/4b6s/4b6s_ligand.sdf,data/pdbbind/refined-set/4b6s/4b6s_protein.pdb,152,6.857623,0.9996794
1t7d,6.03,data/pdbbind/refined-set/1t7d/1t7d_ligand.sdf,data/pdbbind/refined-set/1t7d/1t7d_protein.pdb,153,6.3672705,0.9999512
5e7n,6.09,data/pdbbind/refined-set/5e7n/5e7n_ligand.sdf,data/pdbbind/refined-set/5e7n/5e7n_protein.pdb,154,5.80018,0.99996644
2fqt,6.14,data/pdbbind/refined-set/2fqt/2fqt_ligand.sdf,data/pdbbind/refined-set/2fqt/2fqt_protein.pdb,155,5.128358,0.96348554
6r8l,6.17,data/pdbbind/refined-set/6r8l/6r8l_ligand.sdf,data/pdbbind/refined-set/6r8l/6r8l_protein.pdb,156,6.4360046,0.9999671
2xda,6.22,data/pdbbind/refined-set/2xda/2xda_ligand.sdf,data/pdbbind/refined-set/2xda/2xda_protein.pdb,157,6.3723536,0.9999102
6gjn,6.22,data/pdbbind/refined-set/6gjn/6gjn_ligand.sdf,data/pdbbind/refined-set/6gjn/6gjn_protein.pdb,158,6.3700757,0.99993116
4r4t,6.26,data/pdbbind/refined-set/4r4t/4r4t_ligand.sdf,data/pdbbind/refined-set/4r4t/4r4t_protein.pdb,159,7.309989,0.999997
4r4i,6.27,data/pdbbind/refined-set/4r4i/4r4i_ligand.sdf,data/pdbbind/refined-set/4r4i/4r4i_protein.pdb,160,7.0914636,0.9999919
6qgg,6.3,data/pdbbind/refined-set/6qgg/6qgg_ligand.sdf,data/pdbbind/refined-set/6qgg/6qgg_protein.pdb,161,8.86391,0.99999523
4nbl,6.33,data/pdbbind/refined-set/4nbl/4nbl_ligand.sdf,data/pdbbind/refined-set/4nbl/4nbl_protein.pdb,162,5.8215933,0.98594284
3zk6,6.34,data/pdbbind/refined-set/3zk6/3zk6_ligand.sdf,data/pdbbind/refined-set/3zk6/3zk6_protein.pdb,163,6.379366,0.9999757
6py0,6.41,data/pdbbind/refined-set/6py0/6py0_ligand.sdf,data/pdbbind/refined-set/6py0/6py0_protein.pdb,164,7.08307,0.99995327
2fqo,6.43,data/pdbbind/refined-set/2fqo/2fqo_ligand.sdf,data/pdbbind/refined-set/2fqo/2fqo_protein.pdb,165,5.1437893,0.97925407
1r5y,6.46,data/pdbbind/refined-set/1r5y/1r5y_ligand.sdf,data/pdbbind/refined-set/1r5y/1r5y_protein.pdb,166,5.7248693,0.9985553
2xd9,6.46,data/pdbbind/refined-set/2xd9/2xd9_ligand.sdf,data/pdbbind/refined-set/2xd9/2xd9_protein.pdb,167,5.7269397,0.99133855
5mes,6.47,data/pdbbind/refined-set/5mes/5mes_ligand.sdf,data/pdbbind/refined-set/5mes/5mes_protein.pdb,168,6.269767,0.9999874
6np3,6.47,data/pdbbind/refined-set/6np3/6np3_ligand.sdf,data/pdbbind/refined-set/6np3/6np3_protein.pdb,169,6.1902337,0.99994963
3g3r,6.48,data/pdbbind/refined-set/3g3r/3g3r_ligand.sdf,data/pdbbind/refined-set/3g3r/3g3r_protein.pdb,170,5.0743856,0.9206561
4hw3,6.49,data/pdbbind/refined-set/4hw3/4hw3_ligand.sdf,data/pdbbind/refined-set/4hw3/4hw3_protein.pdb,171,6.42313,0.9999839
4zbi,6.51,data/pdbbind/refined-set/4zbi/4zbi_ligand.sdf,data/pdbbind/refined-set/4zbi/4zbi_protein.pdb,172,6.31797,0.9997896
4dko,6.52,data/pdbbind/refined-set/4dko/4dko_ligand.sdf,data/pdbbind/refined-set/4dko/4dko_protein.pdb,173,6.369237,0.9993946
4dkr,6.52,data/pdbbind/refined-set/4dkr/4dkr_ligand.sdf,data/pdbbind/refined-set/4dkr/4dkr_protein.pdb,174,6.1505375,0.9998207
4dkq,6.6,data/pdbbind/refined-set/4dkq/4dkq_ligand.sdf,data/pdbbind/refined-set/4dkq/4dkq_protein.pdb,175,6.275691,0.99977416
6cwn,6.65,data/pdbbind/refined-set/6cwn/6cwn_ligand.sdf,data/pdbbind/refined-set/6cwn/6cwn_protein.pdb,176,6.7384973,0.99992675
1f3e,6.7,data/pdbbind/refined-set/1f3e/1f3e_ligand.sdf,data/pdbbind/refined-set/1f3e/1f3e_protein.pdb,177,5.4649267,0.99818194
4o0a,6.72,data/pdbbind/refined-set/4o0a/4o0a_ligand.sdf,data/pdbbind/refined-set/4o0a/4o0a_protein.pdb,178,7.7381134,0.9999978
3fzy,6.74,data/pdbbind/refined-set/3fzy/3fzy_ligand.sdf,data/pdbbind/refined-set/3fzy/3fzy_protein.pdb,179,6.666416,0.9573189
6np2,6.8,data/pdbbind/refined-set/6np2/6np2_ligand.sdf,data/pdbbind/refined-set/6np2/6np2_protein.pdb,180,6.074438,0.999862
3n76,6.85,data/pdbbind/refined-set/3n76/3n76_ligand.sdf,data/pdbbind/refined-set/3n76/3n76_protein.pdb,181,5.776574,0.9978491
4i54,6.96,data/pdbbind/refined-set/4i54/4i54_ligand.sdf,data/pdbbind/refined-set/4i54/4i54_protein.pdb,182,6.329355,0.9996607
4b6o,7.0,data/pdbbind/refined-set/4b6o/4b6o_ligand.sdf,data/pdbbind/refined-set/4b6o/4b6o_protein.pdb,183,5.5578814,0.99786365
3cdb,7.02,data/pdbbind/refined-set/3cdb/3cdb_ligand.sdf,data/pdbbind/refined-set/3cdb/3cdb_protein.pdb,184,7.5239205,0.9999984
6p3v,7.02,data/pdbbind/refined-set/6p3v/6p3v_ligand.sdf,data/pdbbind/refined-set/6p3v/6p3v_protein.pdb,185,6.700267,0.99997556
1ui0,7.06,data/pdbbind/refined-set/1ui0/1ui0_ligand.sdf,data/pdbbind/refined-set/1ui0/1ui0_protein.pdb,186,5.2737455,0.9861313
4b6p,7.13,data/pdbbind/refined-set/4b6p/4b6p_ligand.sdf,data/pdbbind/refined-set/4b6p/4b6p_protein.pdb,187,6.783226,0.99947536
4zbf,7.13,data/pdbbind/refined-set/4zbf/4zbf_ligand.sdf,data/pdbbind/refined-set/4zbf/4zbf_protein.pdb,188,6.563821,0.9999933
5t9z,7.19,data/pdbbind/refined-set/5t9z/5t9z_ligand.sdf,data/pdbbind/refined-set/5t9z/5t9z_protein.pdb,189,7.631341,0.9999812
4lxd,7.23,data/pdbbind/refined-set/4lxd/4lxd_ligand.sdf,data/pdbbind/refined-set/4lxd/4lxd_protein.pdb,190,8.381274,0.9999865
3ccz,7.29,data/pdbbind/refined-set/3ccz/3ccz_ligand.sdf,data/pdbbind/refined-set/3ccz/3ccz_protein.pdb,191,7.434542,0.9999856
6p3t,7.32,data/pdbbind/refined-set/6p3t/6p3t_ligand.sdf,data/pdbbind/refined-set/6p3t/6p3t_protein.pdb,192,6.6806426,0.9999943
2hzy,7.39,data/pdbbind/refined-set/2hzy/2hzy_ligand.sdf,data/pdbbind/refined-set/2hzy/2hzy_protein.pdb,193,6.286854,0.99828655
6o0o,7.44,data/pdbbind/refined-set/6o0o/6o0o_ligand.sdf,data/pdbbind/refined-set/6o0o/6o0o_protein.pdb,194,6.7199945,0.9999695
6maj,7.47,data/pdbbind/refined-set/6maj/6maj_ligand.sdf,data/pdbbind/refined-set/6maj/6maj_protein.pdb,195,7.031559,0.99999857
6cwh,7.54,data/pdbbind/refined-set/6cwh/6cwh_ligand.sdf,data/pdbbind/refined-set/6cwh/6cwh_protein.pdb,196,7.082793,0.9999031
3cct,7.56,data/pdbbind/refined-set/3cct/3cct_ligand.sdf,data/pdbbind/refined-set/3cct/3cct_protein.pdb,197,7.7072167,0.99999523
1d09,7.57,data/pdbbind/refined-set/1d09/1d09_ligand.sdf,data/pdbbind/refined-set/1d09/1d09_protein.pdb,198,6.278644,0.9974305
3cd0,7.57,data/pdbbind/refined-set/3cd0/3cd0_ligand.sdf,data/pdbbind/refined-set/3cd0/3cd0_protein.pdb,199,7.8095527,0.99998647
3cda,7.58,data/pdbbind/refined-set/3cda/3cda_ligand.sdf,data/pdbbind/refined-set/3cda/3cda_protein.pdb,200,7.641881,0.9999975
2xb8,7.59,data/pdbbind/refined-set/2xb8/2xb8_ligand.sdf,data/pdbbind/refined-set/2xb8/2xb8_protein.pdb,201,6.022575,0.99977434
5t9u,7.6,data/pdbbind/refined-set/5t9u/5t9u_ligand.sdf,data/pdbbind/refined-set/5t9u/5t9u_protein.pdb,202,7.820441,0.9999857
5ta4,7.62,data/pdbbind/refined-set/5ta4/5ta4_ligand.sdf,data/pdbbind/refined-set/5ta4/5ta4_protein.pdb,203,7.0906906,0.9999668
5el9,7.64,data/pdbbind/refined-set/5el9/5el9_ligand.sdf,data/pdbbind/refined-set/5el9/5el9_protein.pdb,204,5.8473196,0.9995343
6b4u,7.68,data/pdbbind/refined-set/6b4u/6b4u_ligand.sdf,data/pdbbind/refined-set/6b4u/6b4u_protein.pdb,205,7.0106797,0.9999878
1s39,7.7,data/pdbbind/refined-set/1s39/1s39_ligand.sdf,data/pdbbind/refined-set/1s39/1s39_protein.pdb,206,5.716843,0.9999691
2ves,7.7,data/pdbbind/refined-set/2ves/2ves_ligand.sdf,data/pdbbind/refined-set/2ves/2ves_protein.pdb,207,7.121112,0.9999735
1rd4,7.74,data/pdbbind/refined-set/1rd4/1rd4_ligand.sdf,data/pdbbind/refined-set/1rd4/1rd4_protein.pdb,208,7.1396804,0.9999975
1nf8,7.82,data/pdbbind/refined-set/1nf8/1nf8_ligand.sdf,data/pdbbind/refined-set/1nf8/1nf8_protein.pdb,209,5.5020165,0.98012316
3cd7,7.84,data/pdbbind/refined-set/3cd7/3cd7_ligand.sdf,data/pdbbind/refined-set/3cd7/3cd7_protein.pdb,210,7.78737,0.99998045
4ieh,7.85,data/pdbbind/refined-set/4ieh/4ieh_ligand.sdf,data/pdbbind/refined-set/4ieh/4ieh_protein.pdb,211,8.389836,0.9999982
5elw,7.85,data/pdbbind/refined-set/5elw/5elw_ligand.sdf,data/pdbbind/refined-set/5elw/5elw_protein.pdb,212,5.6521115,0.9950495
3ccw,7.87,data/pdbbind/refined-set/3ccw/3ccw_ligand.sdf,data/pdbbind/refined-set/3ccw/3ccw_protein.pdb,213,7.4487367,0.9999668
3cd5,7.9,data/pdbbind/refined-set/3cd5/3cd5_ligand.sdf,data/pdbbind/refined-set/3cd5/3cd5_protein.pdb,214,7.26838,0.9999801
4hbm,7.92,data/pdbbind/refined-set/4hbm/4hbm_ligand.sdf,data/pdbbind/refined-set/4hbm/4hbm_protein.pdb,215,7.03287,0.99997413
6hai,7.94,data/pdbbind/refined-set/6hai/6hai_ligand.sdf,data/pdbbind/refined-set/6hai/6hai_protein.pdb,216,8.467894,0.9999968
5ta2,7.96,data/pdbbind/refined-set/5ta2/5ta2_ligand.sdf,data/pdbbind/refined-set/5ta2/5ta2_protein.pdb,217,7.7068696,0.9999813
6qgh,8.15,data/pdbbind/refined-set/6qgh/6qgh_ligand.sdf,data/pdbbind/refined-set/6qgh/6qgh_protein.pdb,218,8.470015,0.9999982
5n1z,8.19,data/pdbbind/refined-set/5n1z/5n1z_ligand.sdf,data/pdbbind/refined-set/5n1z/5n1z_protein.pdb,219,7.2230515,0.99984616
6r8o,8.22,data/pdbbind/refined-set/6r8o/6r8o_ligand.sdf,data/pdbbind/refined-set/6r8o/6r8o_protein.pdb,220,6.37499,0.9998668
5edl,8.35,data/pdbbind/refined-set/5edl/5edl_ligand.sdf,data/pdbbind/refined-set/5edl/5edl_protein.pdb,221,6.39668,0.9999525
3qkd,8.38,data/pdbbind/refined-set/3qkd/3qkd_ligand.sdf,data/pdbbind/refined-set/3qkd/3qkd_protein.pdb,222,8.657906,0.9999957
1w96,8.41,data/pdbbind/refined-set/1w96/1w96_ligand.sdf,data/pdbbind/refined-set/1w96/1w96_protein.pdb,223,6.809331,0.9999178
3zln,8.47,data/pdbbind/refined-set/3zln/3zln_ligand.sdf,data/pdbbind/refined-set/3zln/3zln_protein.pdb,224,7.6070204,0.9999876
6gl8,8.61,data/pdbbind/refined-set/6gl8/6gl8_ligand.sdf,data/pdbbind/refined-set/6gl8/6gl8_protein.pdb,225,7.0102186,0.999963
4zyf,8.64,data/pdbbind/refined-set/4zyf/4zyf_ligand.sdf,data/pdbbind/refined-set/4zyf/4zyf_protein.pdb,226,8.432642,0.9999865
6std,8.64,data/pdbbind/refined-set/6std/6std_ligand.sdf,data/pdbbind/refined-set/6std/6std_protein.pdb,227,7.702493,0.99998933
5vkc,8.74,data/pdbbind/refined-set/5vkc/5vkc_ligand.sdf,data/pdbbind/refined-set/5vkc/5vkc_protein.pdb,228,7.5683265,0.9999997
3jrx,9.0,data/pdbbind/refined-set/3jrx/3jrx_ligand.sdf,data/pdbbind/refined-set/3jrx/3jrx_protein.pdb,229,6.9787416,0.99976695
3zlr,9.26,data/pdbbind/refined-set/3zlr/3zlr_ligand.sdf,data/pdbbind/refined-set/3zlr/3zlr_protein.pdb,230,7.9919906,0.9999877
3nzk,9.27,data/pdbbind/refined-set/3nzk/3nzk_ligand.sdf,data/pdbbind/refined-set/3nzk/3nzk_protein.pdb,231,9.084303,0.99998677
2yxj,9.3,data/pdbbind/refined-set/2yxj/2yxj_ligand.sdf,data/pdbbind/refined-set/2yxj/2yxj_protein.pdb,232,8.782103,0.9999973
6udu,9.3,data/pdbbind/refined-set/6udu/6udu_ligand.sdf,data/pdbbind/refined-set/6udu/6udu_protein.pdb,233,7.8125505,0.99993813
4erf,9.4,data/pdbbind/refined-set/4erf/4erf_ligand.sdf,data/pdbbind/refined-set/4erf/4erf_protein.pdb,234,8.365971,0.9999903
3ppm,9.54,data/pdbbind/refined-set/3ppm/3ppm_ligand.sdf,data/pdbbind/refined-set/3ppm/3ppm_protein.pdb,235,7.6910453,0.999973
3p3g,9.74,data/pdbbind/refined-set/3p3g/3p3g_ligand.sdf,data/pdbbind/refined-set/3p3g/3p3g_protein.pdb,236,9.212301,0.9999914
6fs0,9.77,data/pdbbind/refined-set/6fs0/6fs0_ligand.sdf,data/pdbbind/refined-set/6fs0/6fs0_protein.pdb,237,7.8719893,0.9999965
2std,9.85,data/pdbbind/refined-set/2std/2std_ligand.sdf,data/pdbbind/refined-set/2std/2std_protein.pdb,238,7.6330757,0.9999955
6oqd,9.85,data/pdbbind/refined-set/6oqd/6oqd_ligand.sdf,data/pdbbind/refined-set/6oqd/6oqd_protein.pdb,239,8.399548,0.9999844
6udi,10.0,data/pdbbind/refined-set/6udi/6udi_ligand.sdf,data/pdbbind/refined-set/6udi/6udi_protein.pdb,240,8.775528,0.9999733
6udt,10.0,data/pdbbind/refined-set/6udt/6udt_ligand.sdf,data/pdbbind/refined-set/6udt/6udt_protein.pdb,241,8.176744,0.999977
3ps1,10.17,data/pdbbind/refined-set/3ps1/3ps1_ligand.sdf,data/pdbbind/refined-set/3ps1/3ps1_protein.pdb,242,9.250368,0.9999856
6ud2,10.21,data/pdbbind/refined-set/6ud2/6ud2_ligand.sdf,data/pdbbind/refined-set/6ud2/6ud2_protein.pdb,243,8.774343,0.99996245
6udv,10.29,data/pdbbind/refined-set/6udv/6udv_ligand.sdf,data/pdbbind/refined-set/6udv/6udv_protein.pdb,244,8.433753,0.9999865
6oqb,10.3,data/pdbbind/refined-set/6oqb/6oqb_ligand.sdf,data/pdbbind/refined-set/6oqb/6oqb_protein.pdb,245,8.410817,0.99997646
4std,10.33,data/pdbbind/refined-set/4std/4std_ligand.sdf,data/pdbbind/refined-set/4std/4std_protein.pdb,246,8.425355,0.99999857
4lvt,10.36,data/pdbbind/refined-set/4lvt/4lvt_ligand.sdf,data/pdbbind/refined-set/4lvt/4lvt_protein.pdb,247,8.299494,0.99999726
6oqc,10.4,data/pdbbind/refined-set/6oqc/6oqc_ligand.sdf,data/pdbbind/refined-set/6oqc/6oqc_protein.pdb,248,8.385457,0.9999844
4wt2,10.42,data/pdbbind/refined-set/4wt2/4wt2_ligand.sdf,data/pdbbind/refined-set/4wt2/4wt2_protein.pdb,249,9.022811,0.99999046
5std,10.49,data/pdbbind/refined-set/5std/5std_ligand.sdf,data/pdbbind/refined-set/5std/5std_protein.pdb,250,7.2023215,0.99998665
6ne5,10.52,data/pdbbind/refined-set/6ne5/6ne5_ligand.sdf,data/pdbbind/refined-set/6ne5/6ne5_protein.pdb,251,8.113707,0.9999943
4lch,10.62,data/pdbbind/refined-set/4lch/4lch_ligand.sdf,data/pdbbind/refined-set/4lch/4lch_protein.pdb,252,9.866882,0.9999841
7std,10.72,data/pdbbind/refined-set/7std/7std_ligand.sdf,data/pdbbind/refined-set/7std/7std_protein.pdb,253,7.678155,0.99999493
3std,11.11,data/pdbbind/refined-set/3std/3std_ligand.sdf,data/pdbbind/refined-set/3std/3std_protein.pdb,254,7.644511,0.9999973
5drr,11.46,data/pdbbind/refined-set/5drr/5drr_ligand.sdf,data/pdbbind/refined-set/5drr/5drr_protein.pdb,255,9.709607,0.9999676
1duv,11.8,data/pdbbind/refined-set/1duv/1duv_ligand.sdf,data/pdbbind/refined-set/1duv/1duv_protein.pdb,256,5.92305,0.99641836
